payer_id,payer_name,payer_country,payer_service,payer_currency,transaction_type,min_amount,max_amount,precision,increment,required_sender,required_beneficiary,credit_party_identifiers_accepted,credit_party_information,credit_party_verification,credit_party_information_credit_party_identifiers_accepted,credit_party_verification_credit_party_identifiers_accepted,credit_party_verification_required_receiving_entity_fields,required_documents
1005,AB Bank,Bangladesh,BankAccount,BDT,C2C,0,,2,0.01,"[[""lastname"", ""address"", ""city"", ""country_iso_code""]]","[[""lastname""]]","[[""bank_account_number"", ""branch_number""], [""bank_account_number"", ""swift_bic_code""]]",1,1,,,,
1003,Agrani Bank,Bangladesh,BankAccount,BDT,C2C,0,,2,0.01,"[[""lastname"", ""address"", ""city"", ""country_iso_code""]]","[[""lastname""]]","[[""bank_account_number"", ""branch_number""], [""bank_account_number"", ""swift_bic_code""]]",1,1,,,,
1004,Al-Arafah Islami Bank,Bangladesh,BankAccount,BDT,C2C,0,,2,0.01,"[[""lastname"", ""address"", ""city"", ""country_iso_code""]]","[[""lastname""]]","[[""bank_account_number"", ""branch_number""], [""bank_account_number"", ""swift_bic_code""]]",1,1,,,,
1006,Bangladesh Bank,Bangladesh,BankAccount,BDT,C2C,0,,2,0.01,"[[""lastname"", ""address"", ""city"", ""country_iso_code""]]","[[""lastname""]]","[[""bank_account_number"", ""branch_number""], [""bank_account_number"", ""swift_bic_code""]]",1,1,,,,
1007,Bangladesh Commerce Bank,Bangladesh,BankAccount,BDT,C2C,0,,2,0.01,"[[""lastname"", ""address"", ""city"", ""country_iso_code""]]","[[""lastname""]]","[[""bank_account_number"", ""branch_number""], [""bank_account_number"", ""swift_bic_code""]]",1,1,,,,
1010,Bangladesh Development Bank,Bangladesh,BankAccount,BDT,C2C,0,,2,0.01,"[[""lastname"", ""address"", ""city"", ""country_iso_code""]]","[[""lastname""]]","[[""bank_account_number"", ""branch_number""], [""bank_account_number"", ""swift_bic_code""]]",1,1,,,,
1008,Bangladesh Krishi Bank,Bangladesh,BankAccount,BDT,C2C,0,,2,0.01,"[[""lastname"", ""address"", ""city"", ""country_iso_code""]]","[[""lastname""]]","[[""bank_account_number"", ""branch_number""], [""bank_account_number"", ""swift_bic_code""]]",1,1,,,,
1009,Bangladesh Samabaya Bank,Bangladesh,BankAccount,BDT,C2C,0,,2,0.01,"[[""lastname"", ""address"", ""city"", ""country_iso_code""]]","[[""lastname""]]","[[""bank_account_number"", ""branch_number""], [""bank_account_number"", ""swift_bic_code""]]",1,1,,,,
1013,Bank Al-Falah,Bangladesh,BankAccount,BDT,C2C,0,,2,0.01,"[[""lastname"", ""address"", ""city"", ""country_iso_code""]]","[[""lastname""]]","[[""bank_account_number"", ""branch_number""], [""bank_account_number"", ""swift_bic_code""]]",1,1,,,,
1014,Bank Asia,Bangladesh,BankAccount,BDT,C2C,0,,2,0.01,"[[""lastname"", ""address"", ""city"", ""country_iso_code""]]","[[""lastname""]]","[[""bank_account_number"", ""branch_number""], [""bank_account_number"", ""swift_bic_code""]]",1,1,,,,
1011,Basic Bank,Bangladesh,BankAccount,BDT,C2C,0,,2,0.01,"[[""lastname"", ""address"", ""city"", ""country_iso_code""]]","[[""lastname""]]","[[""bank_account_number"", ""branch_number""], [""bank_account_number"", ""swift_bic_code""]]",1,1,,,,
1012,BRAC Bank,Bangladesh,BankAccount,BDT,C2C,0,,2,0.01,"[[""lastname"", ""address"", ""city"", ""country_iso_code""]]","[[""lastname""]]","[[""bank_account_number"", ""branch_number""], [""bank_account_number"", ""swift_bic_code""]]",1,1,,,,
1015,CITI Bank,Bangladesh,BankAccount,BDT,C2C,0,,2,0.01,"[[""lastname"", ""address"", ""city"", ""country_iso_code""]]","[[""lastname""]]","[[""bank_account_number"", ""branch_number""], [""bank_account_number"", ""swift_bic_code""]]",1,1,,,,
1016,Commercial Bank of Cyclon,Bangladesh,BankAccount,BDT,C2C,0,,2,0.01,"[[""lastname"", ""address"", ""city"", ""country_iso_code""]]","[[""lastname""]]","[[""bank_account_number"", ""branch_number""], [""bank_account_number"", ""swift_bic_code""]]",1,1,,,,
1017,Dhaka Bank,Bangladesh,BankAccount,BDT,C2C,0,,2,0.01,"[[""lastname"", ""address"", ""city"", ""country_iso_code""]]","[[""lastname""]]","[[""bank_account_number"", ""branch_number""], [""bank_account_number"", ""swift_bic_code""]]",1,1,,,,
1018,Dutch-Bangla Bank,Bangladesh,BankAccount,BDT,C2C,0,,2,0.01,"[[""lastname"", ""address"", ""city"", ""country_iso_code""]]","[[""lastname""]]","[[""bank_account_number"", ""branch_number""], [""bank_account_number"", ""swift_bic_code""]]",1,1,,,,
1019,Eastern Bank,Bangladesh,BankAccount,BDT,C2C,0,,2,0.01,"[[""lastname"", ""address"", ""city"", ""country_iso_code""]]","[[""lastname""]]","[[""bank_account_number"", ""branch_number""], [""bank_account_number"", ""swift_bic_code""]]",1,1,,,,
1020,EXIM Bank,Bangladesh,BankAccount,BDT,C2C,0,,2,0.01,"[[""lastname"", ""address"", ""city"", ""country_iso_code""]]","[[""lastname""]]","[[""bank_account_number"", ""branch_number""], [""bank_account_number"", ""swift_bic_code""]]",1,1,,,,
1021,First Security Islami Bank,Bangladesh,BankAccount,BDT,C2C,0,,2,0.01,"[[""lastname"", ""address"", ""city"", ""country_iso_code""]]","[[""lastname""]]","[[""bank_account_number"", ""branch_number""], [""bank_account_number"", ""swift_bic_code""]]",1,1,,,,
1059,Global Islami Bank Ltd (ex-NRB Global Bank),Bangladesh,BankAccount,BDT,C2C,0,,2,0.01,"[[""lastname"", ""address"", ""city"", ""country_iso_code""]]","[[""lastname""]]","[[""bank_account_number"", ""branch_number""], [""bank_account_number"", ""swift_bic_code""]]",1,1,,,,
1022,Habib Bank,Bangladesh,BankAccount,BDT,C2C,0,,2,0.01,"[[""lastname"", ""address"", ""city"", ""country_iso_code""]]","[[""lastname""]]","[[""bank_account_number"", ""branch_number""], [""bank_account_number"", ""swift_bic_code""]]",1,1,,,,
1023,HongKong & Shanghai Banking Corp. (HSBC),Bangladesh,BankAccount,BDT,C2C,0,,2,0.01,"[[""lastname"", ""address"", ""city"", ""country_iso_code""]]","[[""lastname""]]","[[""bank_account_number"", ""branch_number""], [""bank_account_number"", ""swift_bic_code""]]",1,1,,,,
1045,ICB Islamic Bank,Bangladesh,BankAccount,BDT,C2C,0,,2,0.01,"[[""lastname"", ""address"", ""city"", ""country_iso_code""]]","[[""lastname""]]","[[""bank_account_number"", ""branch_number""], [""bank_account_number"", ""swift_bic_code""]]",1,1,,,,
1024,IFIC Bank,Bangladesh,BankAccount,BDT,C2C,0,,2,0.01,"[[""lastname"", ""address"", ""city"", ""country_iso_code""]]","[[""lastname""]]","[[""bank_account_number"", ""branch_number""], [""bank_account_number"", ""swift_bic_code""]]",1,1,,,,
1025,Islami Bank Bangladesh,Bangladesh,BankAccount,BDT,C2C,0,,2,0.01,"[[""lastname"", ""address"", ""city"", ""country_iso_code""]]","[[""lastname""]]","[[""bank_account_number"", ""branch_number""], [""bank_account_number"", ""swift_bic_code""]]",1,1,,,,
1026,Jamuna Bank,Bangladesh,BankAccount,BDT,C2C,0,,2,0.01,"[[""lastname"", ""address"", ""city"", ""country_iso_code""]]","[[""lastname""]]","[[""bank_account_number"", ""branch_number""], [""bank_account_number"", ""swift_bic_code""]]",1,1,,,,
1027,Janata Bank,Bangladesh,BankAccount,BDT,C2C,0,,2,0.01,"[[""lastname"", ""address"", ""city"", ""country_iso_code""]]","[[""lastname""]]","[[""bank_account_number"", ""branch_number""], [""bank_account_number"", ""swift_bic_code""]]",1,1,,,,
1054,Meghna Bank,Bangladesh,BankAccount,BDT,C2C,0,,2,0.01,"[[""lastname"", ""address"", ""city"", ""country_iso_code""]]","[[""lastname""]]","[[""bank_account_number"", ""branch_number""], [""bank_account_number"", ""swift_bic_code""]]",1,1,,,,
1028,Mercantile Bank,Bangladesh,BankAccount,BDT,C2C,0,,2,0.01,"[[""lastname"", ""address"", ""city"", ""country_iso_code""]]","[[""lastname""]]","[[""bank_account_number"", ""branch_number""], [""bank_account_number"", ""swift_bic_code""]]",1,1,,,,
1056,Midland Bank,Bangladesh,BankAccount,BDT,C2C,0,,2,0.01,"[[""lastname"", ""address"", ""city"", ""country_iso_code""]]","[[""lastname""]]","[[""bank_account_number"", ""branch_number""], [""bank_account_number"", ""swift_bic_code""]]",1,1,,,,
1058,Modhumoti Bank,Bangladesh,BankAccount,BDT,C2C,0,,2,0.01,"[[""lastname"", ""address"", ""city"", ""country_iso_code""]]","[[""lastname""]]","[[""bank_account_number"", ""branch_number""], [""bank_account_number"", ""swift_bic_code""]]",1,1,,,,
1061,Mutual Trust Bank,Bangladesh,BankAccount,BDT,C2C,0,,2,0.01,"[[""lastname"", ""address"", ""city"", ""country_iso_code""]]","[[""lastname""]]","[[""bank_account_number""]]",1,1,"[[""bank_account_number""]]","[[""bank_account_number""]]",,
1029,National Bank,Bangladesh,BankAccount,BDT,C2C,0,,2,0.01,"[[""lastname"", ""address"", ""city"", ""country_iso_code""]]","[[""lastname""]]","[[""bank_account_number"", ""branch_number""], [""bank_account_number"", ""swift_bic_code""]]",1,1,,,,
1030,National Bank of Pakistan,Bangladesh,BankAccount,BDT,C2C,0,,2,0.01,"[[""lastname"", ""address"", ""city"", ""country_iso_code""]]","[[""lastname""]]","[[""bank_account_number"", ""branch_number""], [""bank_account_number"", ""swift_bic_code""]]",1,1,,,,
1031,National Credit & Commerce Bank,Bangladesh,BankAccount,BDT,C2C,0,,2,0.01,"[[""lastname"", ""address"", ""city"", ""country_iso_code""]]","[[""lastname""]]","[[""bank_account_number"", ""branch_number""], [""bank_account_number"", ""swift_bic_code""]]",1,1,,,,
1057,NRB Bank,Bangladesh,BankAccount,BDT,C2C,0,,2,0.01,"[[""lastname"", ""address"", ""city"", ""country_iso_code""]]","[[""lastname""]]","[[""bank_account_number"", ""branch_number""], [""bank_account_number"", ""swift_bic_code""]]",1,1,,,,
1051,NRB Commercial Bank,Bangladesh,BankAccount,BDT,C2C,0,,2,0.01,"[[""lastname"", ""address"", ""city"", ""country_iso_code""]]","[[""lastname""]]","[[""bank_account_number"", ""branch_number""], [""bank_account_number"", ""swift_bic_code""]]",1,1,,,,
1032,One Bank,Bangladesh,BankAccount,BDT,C2C,0,,2,0.01,"[[""lastname"", ""address"", ""city"", ""country_iso_code""]]","[[""lastname""]]","[[""bank_account_number"", ""branch_number""], [""bank_account_number"", ""swift_bic_code""]]",1,1,,,,
1055,Padma Bank Limited (ex-The Farmers Bank Ltd),Bangladesh,BankAccount,BDT,C2C,0,,2,0.01,"[[""lastname"", ""address"", ""city"", ""country_iso_code""]]","[[""lastname""]]","[[""bank_account_number"", ""branch_number""], [""bank_account_number"", ""swift_bic_code""]]",1,1,,,,
1033,Prime Bank,Bangladesh,BankAccount,BDT,C2C,0,,2,0.01,"[[""lastname"", ""address"", ""city"", ""country_iso_code""]]","[[""lastname""]]","[[""bank_account_number"", ""branch_number""], [""bank_account_number"", ""swift_bic_code""]]",1,1,,,,
1034,Pubali Bank,Bangladesh,BankAccount,BDT,C2C,0,,2,0.01,"[[""lastname"", ""address"", ""city"", ""country_iso_code""]]","[[""lastname""]]","[[""bank_account_number"", ""branch_number""], [""bank_account_number"", ""swift_bic_code""]]",1,1,,,,
1035,Rajshahi Krishi Unnayan bank,Bangladesh,BankAccount,BDT,C2C,0,,2,0.01,"[[""lastname"", ""address"", ""city"", ""country_iso_code""]]","[[""lastname""]]","[[""bank_account_number"", ""branch_number""], [""bank_account_number"", ""swift_bic_code""]]",1,1,,,,
1036,Rupali Bank,Bangladesh,BankAccount,BDT,C2C,0,,2,0.01,"[[""lastname"", ""address"", ""city"", ""country_iso_code""]]","[[""lastname""]]","[[""bank_account_number"", ""branch_number""], [""bank_account_number"", ""swift_bic_code""]]",1,1,,,,
1053,SBAC Bank,Bangladesh,BankAccount,BDT,C2C,0,,2,0.01,"[[""lastname"", ""address"", ""city"", ""country_iso_code""]]","[[""lastname""]]","[[""bank_account_number"", ""branch_number""], [""bank_account_number"", ""swift_bic_code""]]",1,1,,,,
1037,Shahjalal Islami Bank,Bangladesh,BankAccount,BDT,C2C,0,,2,0.01,"[[""lastname"", ""address"", ""city"", ""country_iso_code""]]","[[""lastname""]]","[[""bank_account_number"", ""branch_number""], [""bank_account_number"", ""swift_bic_code""]]",1,1,,,,
1060,Shimanto Bank,Bangladesh,BankAccount,BDT,C2C,0,,2,0.01,"[[""lastname"", ""address"", ""city"", ""country_iso_code""]]","[[""lastname""]]","[[""bank_account_number"", ""branch_number""], [""bank_account_number"", ""swift_bic_code""]]",1,1,,,,
1038,Social Islami Bank,Bangladesh,BankAccount,BDT,C2C,0,,2,0.01,"[[""lastname"", ""address"", ""city"", ""country_iso_code""]]","[[""lastname""]]","[[""bank_account_number"", ""branch_number""], [""bank_account_number"", ""swift_bic_code""]]",1,1,,,,
1039,Sonali Bank,Bangladesh,BankAccount,BDT,C2C,0,,2,0.01,"[[""lastname"", ""address"", ""city"", ""country_iso_code""]]","[[""lastname""]]","[[""bank_account_number"", ""branch_number""], [""bank_account_number"", ""swift_bic_code""]]",1,1,,,,
1040,SouthEast bank,Bangladesh,BankAccount,BDT,C2C,0,,2,0.01,"[[""lastname"", ""address"", ""city"", ""country_iso_code""]]","[[""lastname""]]","[[""bank_account_number"", ""branch_number""], [""bank_account_number"", ""swift_bic_code""]]",1,1,,,,
1041,Standard Bank,Bangladesh,BankAccount,BDT,C2C,0,,2,0.01,"[[""lastname"", ""address"", ""city"", ""country_iso_code""]]","[[""lastname""]]","[[""bank_account_number"", ""branch_number""], [""bank_account_number"", ""swift_bic_code""]]",1,1,,,,
1042,Standard Chartered Bank,Bangladesh,BankAccount,BDT,C2C,0,,2,0.01,"[[""lastname"", ""address"", ""city"", ""country_iso_code""]]","[[""lastname""]]","[[""bank_account_number"", ""branch_number""], [""bank_account_number"", ""swift_bic_code""]]",1,1,,,,
1043,State Bank of India,Bangladesh,BankAccount,BDT,C2C,0,,2,0.01,"[[""lastname"", ""address"", ""city"", ""country_iso_code""]]","[[""lastname""]]","[[""bank_account_number"", ""branch_number""], [""bank_account_number"", ""swift_bic_code""]]",1,1,,,,
1044,The City Bank,Bangladesh,BankAccount,BDT,C2C,0,,2,0.01,"[[""lastname"", ""address"", ""city"", ""country_iso_code""]]","[[""lastname""]]","[[""bank_account_number"", ""branch_number""], [""bank_account_number"", ""swift_bic_code""]]",1,1,,,,
1046,The Premier Bank,Bangladesh,BankAccount,BDT,C2C,0,,2,0.01,"[[""lastname"", ""address"", ""city"", ""country_iso_code""]]","[[""lastname""]]","[[""bank_account_number"", ""branch_number""], [""bank_account_number"", ""swift_bic_code""]]",1,1,,,,
1047,Trust Bank,Bangladesh,BankAccount,BDT,C2C,0,,2,0.01,"[[""lastname"", ""address"", ""city"", ""country_iso_code""]]","[[""lastname""]]","[[""bank_account_number"", ""branch_number""], [""bank_account_number"", ""swift_bic_code""]]",1,1,,,,
1052,Union Bank,Bangladesh,BankAccount,BDT,C2C,0,,2,0.01,"[[""lastname"", ""address"", ""city"", ""country_iso_code""]]","[[""lastname""]]","[[""bank_account_number"", ""branch_number""], [""bank_account_number"", ""swift_bic_code""]]",1,1,,,,
1048,United Commercial Bank,Bangladesh,BankAccount,BDT,C2C,0,,2,0.01,"[[""lastname"", ""address"", ""city"", ""country_iso_code""]]","[[""lastname""]]","[[""bank_account_number"", ""branch_number""], [""bank_account_number"", ""swift_bic_code""]]",1,1,,,,
1049,Uttara Bank,Bangladesh,BankAccount,BDT,C2C,0,,2,0.01,"[[""lastname"", ""address"", ""city"", ""country_iso_code""]]","[[""lastname""]]","[[""bank_account_number"", ""branch_number""], [""bank_account_number"", ""swift_bic_code""]]",1,1,,,,
1050,Woori Bank,Bangladesh,BankAccount,BDT,C2C,0,,2,0.01,"[[""lastname"", ""address"", ""city"", ""country_iso_code""]]","[[""lastname""]]","[[""bank_account_number"", ""branch_number""], [""bank_account_number"", ""swift_bic_code""]]",1,1,,,,
1443,Major Banks Benin,Benin,BankAccount,XOF,C2C,0,1000000,0,1,"[[""lastname"", ""firstname"", ""country_iso_code""]]","[[""lastname"", ""firstname"", ""country_iso_code""]]","[[""iban""]]",1,1,,,,
1443,Major Banks Benin,Benin,BankAccount,XOF,B2B,0,1000000,0,1,"[[""registered_name"", ""country_iso_code""]]","[[""registered_name"", ""country_iso_code""]]","[[""iban""]]",1,1,,,,"[[""invoice""]]"
565,Orange Money,Botswana,MobileWallet,BWP,C2C,25,9500,2,0.01,"[[""country_iso_code"", ""msisdn""], [""code"", ""country_iso_code""]]",,"[[""msisdn""]]",1,1,"[[""msisdn""]]","[[""msisdn""]]",,
2778,BANCO AGIBANK,Brazil,BankAccount,BRL,C2C,10,,2,0.01,"[[""lastname"", ""firstname"", ""country_iso_code""]]","[[""lastname"", ""firstname"", ""id_number""]]","[[""bank_account_number"", ""branch_number"", ""account_type""]]",1,1,,,,
1629,BANCO ALFA S.A.,Brazil,BankAccount,BRL,C2C,10,,2,0.01,"[[""lastname"", ""firstname"", ""country_iso_code""]]","[[""lastname"", ""firstname"", ""id_number""]]","[[""bank_account_number"", ""branch_number"", ""account_type""]]",1,1,,,,
1631,BANCO BMG S.A.,Brazil,BankAccount,BRL,C2C,10,,2,0.01,"[[""lastname"", ""firstname"", ""country_iso_code""]]","[[""lastname"", ""firstname"", ""id_number""]]","[[""bank_account_number"", ""branch_number"", ""account_type""]]",1,1,,,,
765,BANCO BRADESCO S.A.,Brazil,BankAccount,BRL,C2C,10,,2,0.01,"[[""lastname"", ""firstname"", ""country_iso_code""]]","[[""lastname"", ""firstname"", ""id_number""]]","[[""bank_account_number"", ""branch_number"", ""account_type""]]",1,1,,,,
773,BANCO COOPERATIVO DO BRASIL S.A.,Brazil,BankAccount,BRL,C2C,10,,2,0.01,"[[""lastname"", ""firstname"", ""country_iso_code""]]","[[""lastname"", ""firstname"", ""id_number""]]","[[""bank_account_number"", ""branch_number"", ""account_type""]]",1,1,,,,
772,BANCO COOPERATIVO SICREDI S.A.,Brazil,BankAccount,BRL,C2C,10,,2,0.01,"[[""lastname"", ""firstname"", ""country_iso_code""]]","[[""lastname"", ""firstname"", ""id_number""]]","[[""bank_account_number"", ""branch_number"", ""account_type""]]",1,1,,,,
2787,BANCO CRESOL,Brazil,BankAccount,BRL,C2C,10,,2,0.01,"[[""lastname"", ""firstname"", ""country_iso_code""]]","[[""lastname"", ""firstname"", ""id_number""]]","[[""bank_account_number"", ""branch_number"", ""account_type""]]",1,1,,,,
2788,BANCO DAYCOVAL,Brazil,BankAccount,BRL,C2C,10,,2,0.01,"[[""lastname"", ""firstname"", ""country_iso_code""]]","[[""lastname"", ""firstname"", ""id_number""]]","[[""bank_account_number"", ""branch_number"", ""account_type""]]",1,1,,,,
751,BANCO DO BRASIL S.A,Brazil,BankAccount,BRL,C2C,10,,2,0.01,"[[""lastname"", ""firstname"", ""country_iso_code""]]","[[""lastname"", ""firstname"", ""id_number""]]","[[""bank_account_number"", ""branch_number"", ""account_type""]]",1,1,,,,
760,BANCO DO ESTADO DE SERGIPE S.A.,Brazil,BankAccount,BRL,C2C,10,,2,0.01,"[[""lastname"", ""firstname"", ""country_iso_code""]]","[[""lastname"", ""firstname"", ""id_number""]]","[[""bank_account_number"", ""branch_number"", ""account_type""]]",1,1,,,,
758,BANCO DO ESTADO DO PARA S.A.,Brazil,BankAccount,BRL,C2C,10,,2,0.01,"[[""lastname"", ""firstname"", ""country_iso_code""]]","[[""lastname"", ""firstname"", ""id_number""]]","[[""bank_account_number"", ""branch_number"", ""account_type""]]",1,1,,,,
759,BANCO DO ESTADO DO RIO GRANDE DO SUL S.A.,Brazil,BankAccount,BRL,C2C,10,,2,0.01,"[[""lastname"", ""firstname"", ""country_iso_code""]]","[[""lastname"", ""firstname"", ""id_number""]]","[[""bank_account_number"", ""branch_number"", ""account_type""]]",1,1,,,,
753,BANCO DO NORDESTE DO BRASIL S.,Brazil,BankAccount,BRL,C2C,10,,2,0.01,"[[""lastname"", ""firstname"", ""country_iso_code""]]","[[""lastname"", ""firstname"", ""id_number""]]","[[""bank_account_number"", ""branch_number"", ""account_type""]]",1,1,,,,
1632,BANCO INDUSVAL S.A.,Brazil,BankAccount,BRL,C2C,10,,2,0.01,"[[""lastname"", ""firstname"", ""country_iso_code""]]","[[""lastname"", ""firstname"", ""id_number""]]","[[""bank_account_number"", ""branch_number"", ""account_type""]]",1,1,,,,
999,BANCO INTERMEDIUM S.A.,Brazil,BankAccount,BRL,C2C,10,,2,0.01,"[[""lastname"", ""firstname"", ""country_iso_code""]]","[[""lastname"", ""firstname"", ""id_number""]]","[[""bank_account_number"", ""branch_number"", ""account_type""]]",1,1,,,,
767,BANCO ITAU S.A.,Brazil,BankAccount,BRL,C2C,10,,2,0.01,"[[""lastname"", ""firstname"", ""country_iso_code""]]","[[""lastname"", ""firstname"", ""id_number""]]","[[""bank_account_number"", ""branch_number"", ""account_type""]]",1,1,,,,
2791,BANCO J.P. MORGAN S.A.,Brazil,BankAccount,BRL,C2C,10,,2,0.01,"[[""lastname"", ""firstname"", ""country_iso_code""]]","[[""lastname"", ""firstname"", ""id_number""]]","[[""bank_account_number"", ""branch_number"", ""account_type""]]",1,1,,,,
768,BANCO MERCANTIL DO BRASIL S.A.,Brazil,BankAccount,BRL,C2C,10,,2,0.01,"[[""lastname"", ""firstname"", ""country_iso_code""]]","[[""lastname"", ""firstname"", ""id_number""]]","[[""bank_account_number"", ""branch_number"", ""account_type""]]",1,1,,,,
2792,BANCO MODAL,Brazil,BankAccount,BRL,C2C,10,,2,0.01,"[[""lastname"", ""firstname"", ""country_iso_code""]]","[[""lastname"", ""firstname"", ""id_number""]]","[[""bank_account_number"", ""branch_number"", ""account_type""]]",1,1,,,,
1633,BANCO ORIGINAL S.A.,Brazil,BankAccount,BRL,C2C,10,,2,0.01,"[[""lastname"", ""firstname"", ""country_iso_code""]]","[[""lastname"", ""firstname"", ""id_number""]]","[[""bank_account_number"", ""branch_number"", ""account_type""]]",1,1,,,,
2793,BANCO RENDIMENTO,Brazil,BankAccount,BRL,C2C,10,,2,0.01,"[[""lastname"", ""firstname"", ""country_iso_code""]]","[[""lastname"", ""firstname"", ""id_number""]]","[[""bank_account_number"", ""branch_number"", ""account_type""]]",1,1,,,,
2794,BANCO RENNER,Brazil,BankAccount,BRL,C2C,10,,2,0.01,"[[""lastname"", ""firstname"", ""country_iso_code""]]","[[""lastname"", ""firstname"", ""id_number""]]","[[""bank_account_number"", ""branch_number"", ""account_type""]]",1,1,,,,
770,BANCO SAFRA S.A.,Brazil,BankAccount,BRL,C2C,10,,2,0.01,"[[""lastname"", ""firstname"", ""country_iso_code""]]","[[""lastname"", ""firstname"", ""id_number""]]","[[""bank_account_number"", ""branch_number"", ""account_type""]]",1,1,,,,
756,BANCO SANTANDER BRASIL S.A,Brazil,BankAccount,BRL,C2C,10,,2,0.01,"[[""lastname"", ""firstname"", ""country_iso_code""]]","[[""lastname"", ""firstname"", ""id_number""]]","[[""bank_account_number"", ""branch_number"", ""account_type""]]",1,1,,,,
1634,BANCO SOFISA S.A.,Brazil,BankAccount,BRL,C2C,10,,2,0.01,"[[""lastname"", ""firstname"", ""country_iso_code""]]","[[""lastname"", ""firstname"", ""id_number""]]","[[""bank_account_number"", ""branch_number"", ""account_type""]]",1,1,,,,
2795,BANCO VOTORANTIM,Brazil,BankAccount,BRL,C2C,10,,2,0.01,"[[""lastname"", ""firstname"", ""country_iso_code""]]","[[""lastname"", ""firstname"", ""id_number""]]","[[""bank_account_number"", ""branch_number"", ""account_type""]]",1,1,,,,
755,BANESTES S.A BANCO DO ESTADO DO ESPIRITO SANTO,Brazil,BankAccount,BRL,C2C,10,,2,0.01,"[[""lastname"", ""firstname"", ""country_iso_code""]]","[[""lastname"", ""firstname"", ""id_number""]]","[[""bank_account_number"", ""branch_number"", ""account_type""]]",1,1,,,,
2796,BCO BS2,Brazil,BankAccount,BRL,C2C,10,,2,0.01,"[[""lastname"", ""firstname"", ""country_iso_code""]]","[[""lastname"", ""firstname"", ""id_number""]]","[[""bank_account_number"", ""branch_number"", ""account_type""]]",1,1,,,,
761,BRB - BANCO DE BRASILIA S.A.,Brazil,BankAccount,BRL,C2C,10,,2,0.01,"[[""lastname"", ""firstname"", ""country_iso_code""]]","[[""lastname"", ""firstname"", ""id_number""]]","[[""bank_account_number"", ""branch_number"", ""account_type""]]",1,1,,,,
763,CAIXA ECONOMICA FEDERAL,Brazil,BankAccount,BRL,C2C,10,,2,0.01,"[[""lastname"", ""firstname"", ""country_iso_code""]]","[[""lastname"", ""firstname"", ""id_number""]]","[[""bank_account_number"", ""branch_number"", ""account_type""]]",1,1,,,,
2797,CCC NOROESTE BRASILEIRO LTDA,Brazil,BankAccount,BRL,C2C,10,,2,0.01,"[[""lastname"", ""firstname"", ""country_iso_code""]]","[[""lastname"", ""firstname"", ""id_number""]]","[[""bank_account_number"", ""branch_number"", ""account_type""]]",1,1,,,,
762,COOPERATIVA CENTRAL DE CREDITO URBANO - CECRED,Brazil,BankAccount,BRL,C2C,10,,2,0.01,"[[""lastname"", ""firstname"", ""country_iso_code""]]","[[""lastname"", ""firstname"", ""id_number""]]","[[""bank_account_number"", ""branch_number"", ""account_type""]]",1,1,,,,
2798,NUBANK,Brazil,BankAccount,BRL,C2C,10,,2,0.01,"[[""lastname"", ""firstname"", ""country_iso_code""]]","[[""lastname"", ""firstname"", ""id_number""]]","[[""bank_account_number"", ""branch_number"", ""account_type""]]",1,1,,,,
2799,PAGSEGURO,Brazil,BankAccount,BRL,C2C,10,,2,0.01,"[[""lastname"", ""firstname"", ""country_iso_code""]]","[[""lastname"", ""firstname"", ""id_number""]]","[[""bank_account_number"", ""branch_number"", ""account_type""]]",1,1,,,,
764,UNICRED DO BRASIL,Brazil,BankAccount,BRL,C2C,10,,2,0.01,"[[""lastname"", ""firstname"", ""country_iso_code""]]","[[""lastname"", ""firstname"", ""id_number""]]","[[""bank_account_number"", ""branch_number"", ""account_type""]]",1,1,,,,
2800,UNICRED NORTE DO PARANA,Brazil,BankAccount,BRL,C2C,10,,2,0.01,"[[""lastname"", ""firstname"", ""country_iso_code""]]","[[""lastname"", ""firstname"", ""id_number""]]","[[""bank_account_number"", ""branch_number"", ""account_type""]]",1,1,,,,
1444,Major Banks Burkina Faso,Burkina Faso,BankAccount,XOF,C2C,0,1000000,0,1,"[[""lastname"", ""firstname"", ""country_iso_code""]]","[[""lastname"", ""firstname"", ""country_iso_code""]]","[[""iban""]]",1,1,,,,
1444,Major Banks Burkina Faso,Burkina Faso,BankAccount,XOF,B2B,0,1000000,0,1,"[[""registered_name"", ""country_iso_code""]]","[[""registered_name"", ""country_iso_code""]]","[[""iban""]]",1,1,,,,"[[""invoice""]]"
958,Ecocash,Burundi,MobileWallet,BIF,C2C,1000,10000000.00000000,0,1,,,"[[""msisdn""]]",1,1,,,,
4715,ADS Canadian Bank,Canada,BankAccount,CAD,B2B,0,100000,2,0.01,"[[""registered_name""]]","[[""registered_name""]]","[[""routing_code"", ""account_number""]]",1,1,,,,
4715,ADS Canadian Bank,Canada,BankAccount,CAD,B2C,0,100000,2,0.01,"[[""registered_name""]]","[[""lastname"", ""firstname""]]","[[""routing_code"", ""account_number""]]",1,1,,,,
4715,ADS Canadian Bank,Canada,BankAccount,CAD,C2C,0,100000,2,0.01,"[[""lastname"", ""firstname""]]","[[""lastname"", ""firstname""]]","[[""routing_code"", ""account_number""]]",1,1,,,,
4715,ADS Canadian Bank,Canada,BankAccount,CAD,C2B,0,100000,2,0.01,"[[""lastname"", ""firstname""]]","[[""registered_name""]]","[[""routing_code"", ""account_number""]]",1,1,,,,
4716,Amex Bank of Canada,Canada,BankAccount,CAD,C2C,0,100000,2,0.01,"[[""lastname"", ""firstname""]]","[[""lastname"", ""firstname""]]","[[""routing_code"", ""account_number""]]",1,1,,,,
4716,Amex Bank of Canada,Canada,BankAccount,CAD,B2C,0,100000,2,0.01,"[[""registered_name""]]","[[""lastname"", ""firstname""]]","[[""routing_code"", ""account_number""]]",1,1,,,,
4716,Amex Bank of Canada,Canada,BankAccount,CAD,B2B,0,100000,2,0.01,"[[""registered_name""]]","[[""registered_name""]]","[[""routing_code"", ""account_number""]]",1,1,,,,
4716,Amex Bank of Canada,Canada,BankAccount,CAD,C2B,0,100000,2,0.01,"[[""lastname"", ""firstname""]]","[[""registered_name""]]","[[""routing_code"", ""account_number""]]",1,1,,,,
4717,ATB Financial,Canada,BankAccount,CAD,B2C,0,100000,2,0.01,"[[""registered_name""]]","[[""lastname"", ""firstname""]]","[[""routing_code"", ""account_number""]]",1,1,,,,
4717,ATB Financial,Canada,BankAccount,CAD,B2B,0,100000,2,0.01,"[[""registered_name""]]","[[""registered_name""]]","[[""routing_code"", ""account_number""]]",1,1,,,,
4717,ATB Financial,Canada,BankAccount,CAD,C2B,0,100000,2,0.01,"[[""lastname"", ""firstname""]]","[[""registered_name""]]","[[""routing_code"", ""account_number""]]",1,1,,,,
4717,ATB Financial,Canada,BankAccount,CAD,C2C,0,100000,2,0.01,"[[""lastname"", ""firstname""]]","[[""lastname"", ""firstname""]]","[[""routing_code"", ""account_number""]]",1,1,,,,
4718,Atlantic Central (Institution Code 839),Canada,BankAccount,CAD,B2B,0,100000,2,0.01,"[[""registered_name""]]","[[""registered_name""]]","[[""routing_code"", ""account_number""]]",1,1,,,,
4718,Atlantic Central (Institution Code 839),Canada,BankAccount,CAD,C2C,0,100000,2,0.01,"[[""lastname"", ""firstname""]]","[[""lastname"", ""firstname""]]","[[""routing_code"", ""account_number""]]",1,1,,,,
4718,Atlantic Central (Institution Code 839),Canada,BankAccount,CAD,B2C,0,100000,2,0.01,"[[""registered_name""]]","[[""lastname"", ""firstname""]]","[[""routing_code"", ""account_number""]]",1,1,,,,
4718,Atlantic Central (Institution Code 839),Canada,BankAccount,CAD,C2B,0,100000,2,0.01,"[[""lastname"", ""firstname""]]","[[""registered_name""]]","[[""routing_code"", ""account_number""]]",1,1,,,,
4719,Atlantic Central (Institution Code 849),Canada,BankAccount,CAD,C2C,0,100000,2,0.01,"[[""lastname"", ""firstname""]]","[[""lastname"", ""firstname""]]","[[""routing_code"", ""account_number""]]",1,1,,,,
4719,Atlantic Central (Institution Code 849),Canada,BankAccount,CAD,B2B,0,100000,2,0.01,"[[""registered_name""]]","[[""registered_name""]]","[[""routing_code"", ""account_number""]]",1,1,,,,
4719,Atlantic Central (Institution Code 849),Canada,BankAccount,CAD,C2B,0,100000,2,0.01,"[[""lastname"", ""firstname""]]","[[""registered_name""]]","[[""routing_code"", ""account_number""]]",1,1,,,,
4719,Atlantic Central (Institution Code 849),Canada,BankAccount,CAD,B2C,0,100000,2,0.01,"[[""registered_name""]]","[[""lastname"", ""firstname""]]","[[""routing_code"", ""account_number""]]",1,1,,,,
4720,B2B Bank,Canada,BankAccount,CAD,C2C,0,100000,2,0.01,"[[""lastname"", ""firstname""]]","[[""lastname"", ""firstname""]]","[[""routing_code"", ""account_number""]]",1,1,,,,
4720,B2B Bank,Canada,BankAccount,CAD,B2C,0,100000,2,0.01,"[[""registered_name""]]","[[""lastname"", ""firstname""]]","[[""routing_code"", ""account_number""]]",1,1,,,,
4720,B2B Bank,Canada,BankAccount,CAD,C2B,0,100000,2,0.01,"[[""lastname"", ""firstname""]]","[[""registered_name""]]","[[""routing_code"", ""account_number""]]",1,1,,,,
4720,B2B Bank,Canada,BankAccount,CAD,B2B,0,100000,2,0.01,"[[""registered_name""]]","[[""registered_name""]]","[[""routing_code"", ""account_number""]]",1,1,,,,
4721,"Bank of America, National Association",Canada,BankAccount,CAD,C2C,0,100000,2,0.01,"[[""lastname"", ""firstname""]]","[[""lastname"", ""firstname""]]","[[""routing_code"", ""account_number""]]",1,1,,,,
4721,"Bank of America, National Association",Canada,BankAccount,CAD,C2B,0,100000,2,0.01,"[[""lastname"", ""firstname""]]","[[""registered_name""]]","[[""routing_code"", ""account_number""]]",1,1,,,,
4721,"Bank of America, National Association",Canada,BankAccount,CAD,B2B,0,100000,2,0.01,"[[""registered_name""]]","[[""registered_name""]]","[[""routing_code"", ""account_number""]]",1,1,,,,
4721,"Bank of America, National Association",Canada,BankAccount,CAD,B2C,0,100000,2,0.01,"[[""registered_name""]]","[[""lastname"", ""firstname""]]","[[""routing_code"", ""account_number""]]",1,1,,,,
4722,Bank of Canada,Canada,BankAccount,CAD,B2C,0,100000,2,0.01,"[[""registered_name""]]","[[""lastname"", ""firstname""]]","[[""routing_code"", ""account_number""]]",1,1,,,,
4722,Bank of Canada,Canada,BankAccount,CAD,C2C,0,100000,2,0.01,"[[""lastname"", ""firstname""]]","[[""lastname"", ""firstname""]]","[[""routing_code"", ""account_number""]]",1,1,,,,
4722,Bank of Canada,Canada,BankAccount,CAD,C2B,0,100000,2,0.01,"[[""lastname"", ""firstname""]]","[[""registered_name""]]","[[""routing_code"", ""account_number""]]",1,1,,,,
4722,Bank of Canada,Canada,BankAccount,CAD,B2B,0,100000,2,0.01,"[[""registered_name""]]","[[""registered_name""]]","[[""routing_code"", ""account_number""]]",1,1,,,,
4723,Bank of China (Canada),Canada,BankAccount,CAD,B2B,0,100000,2,0.01,"[[""registered_name""]]","[[""registered_name""]]","[[""routing_code"", ""account_number""]]",1,1,,,,
4723,Bank of China (Canada),Canada,BankAccount,CAD,C2B,0,100000,2,0.01,"[[""lastname"", ""firstname""]]","[[""registered_name""]]","[[""routing_code"", ""account_number""]]",1,1,,,,
4723,Bank of China (Canada),Canada,BankAccount,CAD,B2C,0,100000,2,0.01,"[[""registered_name""]]","[[""lastname"", ""firstname""]]","[[""routing_code"", ""account_number""]]",1,1,,,,
4723,Bank of China (Canada),Canada,BankAccount,CAD,C2C,0,100000,2,0.01,"[[""lastname"", ""firstname""]]","[[""lastname"", ""firstname""]]","[[""routing_code"", ""account_number""]]",1,1,,,,
4724,"Bank of China, Toronto Branch",Canada,BankAccount,CAD,B2C,0,100000,2,0.01,"[[""registered_name""]]","[[""lastname"", ""firstname""]]","[[""routing_code"", ""account_number""]]",1,1,,,,
4724,"Bank of China, Toronto Branch",Canada,BankAccount,CAD,B2B,0,100000,2,0.01,"[[""registered_name""]]","[[""registered_name""]]","[[""routing_code"", ""account_number""]]",1,1,,,,
4724,"Bank of China, Toronto Branch",Canada,BankAccount,CAD,C2C,0,100000,2,0.01,"[[""lastname"", ""firstname""]]","[[""lastname"", ""firstname""]]","[[""routing_code"", ""account_number""]]",1,1,,,,
4724,"Bank of China, Toronto Branch",Canada,BankAccount,CAD,C2B,0,100000,2,0.01,"[[""lastname"", ""firstname""]]","[[""registered_name""]]","[[""routing_code"", ""account_number""]]",1,1,,,,
4725,Bank of Montreal,Canada,BankAccount,CAD,B2C,0,100000,2,0.01,"[[""registered_name""]]","[[""lastname"", ""firstname""]]","[[""routing_code"", ""account_number""]]",1,1,,,,
4725,Bank of Montreal,Canada,BankAccount,CAD,B2B,0,100000,2,0.01,"[[""registered_name""]]","[[""registered_name""]]","[[""routing_code"", ""account_number""]]",1,1,,,,
4725,Bank of Montreal,Canada,BankAccount,CAD,C2B,0,100000,2,0.01,"[[""lastname"", ""firstname""]]","[[""registered_name""]]","[[""routing_code"", ""account_number""]]",1,1,,,,
4725,Bank of Montreal,Canada,BankAccount,CAD,C2C,0,100000,2,0.01,"[[""lastname"", ""firstname""]]","[[""lastname"", ""firstname""]]","[[""routing_code"", ""account_number""]]",1,1,,,,
4726,"Barclays Bank PLC, Canada Branch",Canada,BankAccount,CAD,B2B,0,100000,2,0.01,"[[""registered_name""]]","[[""registered_name""]]","[[""routing_code"", ""account_number""]]",1,1,,,,
4726,"Barclays Bank PLC, Canada Branch",Canada,BankAccount,CAD,C2C,0,100000,2,0.01,"[[""lastname"", ""firstname""]]","[[""lastname"", ""firstname""]]","[[""routing_code"", ""account_number""]]",1,1,,,,
4726,"Barclays Bank PLC, Canada Branch",Canada,BankAccount,CAD,B2C,0,100000,2,0.01,"[[""registered_name""]]","[[""lastname"", ""firstname""]]","[[""routing_code"", ""account_number""]]",1,1,,,,
4726,"Barclays Bank PLC, Canada Branch",Canada,BankAccount,CAD,C2B,0,100000,2,0.01,"[[""lastname"", ""firstname""]]","[[""registered_name""]]","[[""routing_code"", ""account_number""]]",1,1,,,,
4727,BNP Paribas,Canada,BankAccount,CAD,C2B,0,100000,2,0.01,"[[""lastname"", ""firstname""]]","[[""registered_name""]]","[[""routing_code"", ""account_number""]]",1,1,,,,
4727,BNP Paribas,Canada,BankAccount,CAD,C2C,0,100000,2,0.01,"[[""lastname"", ""firstname""]]","[[""lastname"", ""firstname""]]","[[""routing_code"", ""account_number""]]",1,1,,,,
4727,BNP Paribas,Canada,BankAccount,CAD,B2C,0,100000,2,0.01,"[[""registered_name""]]","[[""lastname"", ""firstname""]]","[[""routing_code"", ""account_number""]]",1,1,,,,
4727,BNP Paribas,Canada,BankAccount,CAD,B2B,0,100000,2,0.01,"[[""registered_name""]]","[[""registered_name""]]","[[""routing_code"", ""account_number""]]",1,1,,,,
4728,Bridgewater Bank,Canada,BankAccount,CAD,C2B,0,100000,2,0.01,"[[""lastname"", ""firstname""]]","[[""registered_name""]]","[[""routing_code"", ""account_number""]]",1,1,,,,
4728,Bridgewater Bank,Canada,BankAccount,CAD,C2C,0,100000,2,0.01,"[[""lastname"", ""firstname""]]","[[""lastname"", ""firstname""]]","[[""routing_code"", ""account_number""]]",1,1,,,,
4728,Bridgewater Bank,Canada,BankAccount,CAD,B2C,0,100000,2,0.01,"[[""registered_name""]]","[[""lastname"", ""firstname""]]","[[""routing_code"", ""account_number""]]",1,1,,,,
4728,Bridgewater Bank,Canada,BankAccount,CAD,B2B,0,100000,2,0.01,"[[""registered_name""]]","[[""registered_name""]]","[[""routing_code"", ""account_number""]]",1,1,,,,
4729,Caisse Desjardins Ontario Credit Union Inc.,Canada,BankAccount,CAD,C2B,0,100000,2,0.01,"[[""lastname"", ""firstname""]]","[[""registered_name""]]","[[""routing_code"", ""account_number""]]",1,1,,,,
4729,Caisse Desjardins Ontario Credit Union Inc.,Canada,BankAccount,CAD,C2C,0,100000,2,0.01,"[[""lastname"", ""firstname""]]","[[""lastname"", ""firstname""]]","[[""routing_code"", ""account_number""]]",1,1,,,,
4729,Caisse Desjardins Ontario Credit Union Inc.,Canada,BankAccount,CAD,B2C,0,100000,2,0.01,"[[""registered_name""]]","[[""lastname"", ""firstname""]]","[[""routing_code"", ""account_number""]]",1,1,,,,
4729,Caisse Desjardins Ontario Credit Union Inc.,Canada,BankAccount,CAD,B2B,0,100000,2,0.01,"[[""registered_name""]]","[[""registered_name""]]","[[""routing_code"", ""account_number""]]",1,1,,,,
4730,Caisse populaire acadienne ltée,Canada,BankAccount,CAD,C2B,0,100000,2,0.01,"[[""lastname"", ""firstname""]]","[[""registered_name""]]","[[""routing_code"", ""account_number""]]",1,1,,,,
4730,Caisse populaire acadienne ltée,Canada,BankAccount,CAD,C2C,0,100000,2,0.01,"[[""lastname"", ""firstname""]]","[[""lastname"", ""firstname""]]","[[""routing_code"", ""account_number""]]",1,1,,,,
4730,Caisse populaire acadienne ltée,Canada,BankAccount,CAD,B2C,0,100000,2,0.01,"[[""registered_name""]]","[[""lastname"", ""firstname""]]","[[""routing_code"", ""account_number""]]",1,1,,,,
4730,Caisse populaire acadienne ltée,Canada,BankAccount,CAD,B2B,0,100000,2,0.01,"[[""registered_name""]]","[[""registered_name""]]","[[""routing_code"", ""account_number""]]",1,1,,,,
4731,Caisse populaire Alliance Limitée,Canada,BankAccount,CAD,C2C,0,100000,2,0.01,"[[""lastname"", ""firstname""]]","[[""lastname"", ""firstname""]]","[[""routing_code"", ""account_number""]]",1,1,,,,
4731,Caisse populaire Alliance Limitée,Canada,BankAccount,CAD,B2B,0,100000,2,0.01,"[[""registered_name""]]","[[""registered_name""]]","[[""routing_code"", ""account_number""]]",1,1,,,,
4731,Caisse populaire Alliance Limitée,Canada,BankAccount,CAD,C2B,0,100000,2,0.01,"[[""lastname"", ""firstname""]]","[[""registered_name""]]","[[""routing_code"", ""account_number""]]",1,1,,,,
4731,Caisse populaire Alliance Limitée,Canada,BankAccount,CAD,B2C,0,100000,2,0.01,"[[""registered_name""]]","[[""lastname"", ""firstname""]]","[[""routing_code"", ""account_number""]]",1,1,,,,
4732,Caisse Populaire Group Financier Ltée,Canada,BankAccount,CAD,C2C,0,100000,2,0.01,"[[""lastname"", ""firstname""]]","[[""lastname"", ""firstname""]]","[[""routing_code"", ""account_number""]]",1,1,,,,
4732,Caisse Populaire Group Financier Ltée,Canada,BankAccount,CAD,B2B,0,100000,2,0.01,"[[""registered_name""]]","[[""registered_name""]]","[[""routing_code"", ""account_number""]]",1,1,,,,
4732,Caisse Populaire Group Financier Ltée,Canada,BankAccount,CAD,C2B,0,100000,2,0.01,"[[""lastname"", ""firstname""]]","[[""registered_name""]]","[[""routing_code"", ""account_number""]]",1,1,,,,
4732,Caisse Populaire Group Financier Ltée,Canada,BankAccount,CAD,B2C,0,100000,2,0.01,"[[""registered_name""]]","[[""lastname"", ""firstname""]]","[[""routing_code"", ""account_number""]]",1,1,,,,
4733,Canadian Imperial Bank of Commerce (Institution Code 010),Canada,BankAccount,CAD,B2C,0,100000,2,0.01,"[[""registered_name""]]","[[""lastname"", ""firstname""]]","[[""routing_code"", ""account_number""]]",1,1,,,,
4733,Canadian Imperial Bank of Commerce (Institution Code 010),Canada,BankAccount,CAD,B2B,0,100000,2,0.01,"[[""registered_name""]]","[[""registered_name""]]","[[""routing_code"", ""account_number""]]",1,1,,,,
4733,Canadian Imperial Bank of Commerce (Institution Code 010),Canada,BankAccount,CAD,C2B,0,100000,2,0.01,"[[""lastname"", ""firstname""]]","[[""registered_name""]]","[[""routing_code"", ""account_number""]]",1,1,,,,
4733,Canadian Imperial Bank of Commerce (Institution Code 010),Canada,BankAccount,CAD,C2C,0,100000,2,0.01,"[[""lastname"", ""firstname""]]","[[""lastname"", ""firstname""]]","[[""routing_code"", ""account_number""]]",1,1,,,,
4734,Canadian Imperial Bank of Commerce (Institution Code 326),Canada,BankAccount,CAD,C2C,0,100000,2,0.01,"[[""lastname"", ""firstname""]]","[[""lastname"", ""firstname""]]","[[""routing_code"", ""account_number""]]",1,1,,,,
4734,Canadian Imperial Bank of Commerce (Institution Code 326),Canada,BankAccount,CAD,B2B,0,100000,2,0.01,"[[""registered_name""]]","[[""registered_name""]]","[[""routing_code"", ""account_number""]]",1,1,,,,
4734,Canadian Imperial Bank of Commerce (Institution Code 326),Canada,BankAccount,CAD,C2B,0,100000,2,0.01,"[[""lastname"", ""firstname""]]","[[""registered_name""]]","[[""routing_code"", ""account_number""]]",1,1,,,,
4734,Canadian Imperial Bank of Commerce (Institution Code 326),Canada,BankAccount,CAD,B2C,0,100000,2,0.01,"[[""registered_name""]]","[[""lastname"", ""firstname""]]","[[""routing_code"", ""account_number""]]",1,1,,,,
4735,Canadian Tire Bank,Canada,BankAccount,CAD,B2B,0,100000,2,0.01,"[[""registered_name""]]","[[""registered_name""]]","[[""routing_code"", ""account_number""]]",1,1,,,,
4735,Canadian Tire Bank,Canada,BankAccount,CAD,C2B,0,100000,2,0.01,"[[""lastname"", ""firstname""]]","[[""registered_name""]]","[[""routing_code"", ""account_number""]]",1,1,,,,
4735,Canadian Tire Bank,Canada,BankAccount,CAD,B2C,0,100000,2,0.01,"[[""registered_name""]]","[[""lastname"", ""firstname""]]","[[""routing_code"", ""account_number""]]",1,1,,,,
4735,Canadian Tire Bank,Canada,BankAccount,CAD,C2C,0,100000,2,0.01,"[[""lastname"", ""firstname""]]","[[""lastname"", ""firstname""]]","[[""routing_code"", ""account_number""]]",1,1,,,,
4736,Canadian Western Bank,Canada,BankAccount,CAD,C2C,0,100000,2,0.01,"[[""lastname"", ""firstname""]]","[[""lastname"", ""firstname""]]","[[""routing_code"", ""account_number""]]",1,1,,,,
4736,Canadian Western Bank,Canada,BankAccount,CAD,B2C,0,100000,2,0.01,"[[""registered_name""]]","[[""lastname"", ""firstname""]]","[[""routing_code"", ""account_number""]]",1,1,,,,
4736,Canadian Western Bank,Canada,BankAccount,CAD,B2B,0,100000,2,0.01,"[[""registered_name""]]","[[""registered_name""]]","[[""routing_code"", ""account_number""]]",1,1,,,,
4736,Canadian Western Bank,Canada,BankAccount,CAD,C2B,0,100000,2,0.01,"[[""lastname"", ""firstname""]]","[[""registered_name""]]","[[""routing_code"", ""account_number""]]",1,1,,,,
4737,Capital One Bank (Canada Branch),Canada,BankAccount,CAD,B2C,0,100000,2,0.01,"[[""registered_name""]]","[[""lastname"", ""firstname""]]","[[""routing_code"", ""account_number""]]",1,1,,,,
4737,Capital One Bank (Canada Branch),Canada,BankAccount,CAD,C2C,0,100000,2,0.01,"[[""lastname"", ""firstname""]]","[[""lastname"", ""firstname""]]","[[""routing_code"", ""account_number""]]",1,1,,,,
4737,Capital One Bank (Canada Branch),Canada,BankAccount,CAD,B2B,0,100000,2,0.01,"[[""registered_name""]]","[[""registered_name""]]","[[""routing_code"", ""account_number""]]",1,1,,,,
4737,Capital One Bank (Canada Branch),Canada,BankAccount,CAD,C2B,0,100000,2,0.01,"[[""lastname"", ""firstname""]]","[[""registered_name""]]","[[""routing_code"", ""account_number""]]",1,1,,,,
4738,Central 1 Credit Union (Institution Code 809),Canada,BankAccount,CAD,B2C,0,100000,2,0.01,"[[""registered_name""]]","[[""lastname"", ""firstname""]]","[[""routing_code"", ""account_number""]]",1,1,,,,
4738,Central 1 Credit Union (Institution Code 809),Canada,BankAccount,CAD,C2C,0,100000,2,0.01,"[[""lastname"", ""firstname""]]","[[""lastname"", ""firstname""]]","[[""routing_code"", ""account_number""]]",1,1,,,,
4738,Central 1 Credit Union (Institution Code 809),Canada,BankAccount,CAD,B2B,0,100000,2,0.01,"[[""registered_name""]]","[[""registered_name""]]","[[""routing_code"", ""account_number""]]",1,1,,,,
4738,Central 1 Credit Union (Institution Code 809),Canada,BankAccount,CAD,C2B,0,100000,2,0.01,"[[""lastname"", ""firstname""]]","[[""registered_name""]]","[[""routing_code"", ""account_number""]]",1,1,,,,
4739,Central 1 Credit Union (Institution Code 828),Canada,BankAccount,CAD,C2B,0,100000,2,0.01,"[[""lastname"", ""firstname""]]","[[""registered_name""]]","[[""routing_code"", ""account_number""]]",1,1,,,,
4739,Central 1 Credit Union (Institution Code 828),Canada,BankAccount,CAD,C2C,0,100000,2,0.01,"[[""lastname"", ""firstname""]]","[[""lastname"", ""firstname""]]","[[""routing_code"", ""account_number""]]",1,1,,,,
4739,Central 1 Credit Union (Institution Code 828),Canada,BankAccount,CAD,B2B,0,100000,2,0.01,"[[""registered_name""]]","[[""registered_name""]]","[[""routing_code"", ""account_number""]]",1,1,,,,
4739,Central 1 Credit Union (Institution Code 828),Canada,BankAccount,CAD,B2C,0,100000,2,0.01,"[[""registered_name""]]","[[""lastname"", ""firstname""]]","[[""routing_code"", ""account_number""]]",1,1,,,,
4740,Central 1 Credit Union (Institution Code 869),Canada,BankAccount,CAD,C2B,0,100000,2,0.01,"[[""lastname"", ""firstname""]]","[[""registered_name""]]","[[""routing_code"", ""account_number""]]",1,1,,,,
4740,Central 1 Credit Union (Institution Code 869),Canada,BankAccount,CAD,C2C,0,100000,2,0.01,"[[""lastname"", ""firstname""]]","[[""lastname"", ""firstname""]]","[[""routing_code"", ""account_number""]]",1,1,,,,
4740,Central 1 Credit Union (Institution Code 869),Canada,BankAccount,CAD,B2B,0,100000,2,0.01,"[[""registered_name""]]","[[""registered_name""]]","[[""routing_code"", ""account_number""]]",1,1,,,,
4740,Central 1 Credit Union (Institution Code 869),Canada,BankAccount,CAD,B2C,0,100000,2,0.01,"[[""registered_name""]]","[[""lastname"", ""firstname""]]","[[""routing_code"", ""account_number""]]",1,1,,,,
4741,China Construction Bank Toronto Branch,Canada,BankAccount,CAD,C2B,0,100000,2,0.01,"[[""lastname"", ""firstname""]]","[[""registered_name""]]","[[""routing_code"", ""account_number""]]",1,1,,,,
4741,China Construction Bank Toronto Branch,Canada,BankAccount,CAD,B2B,0,100000,2,0.01,"[[""registered_name""]]","[[""registered_name""]]","[[""routing_code"", ""account_number""]]",1,1,,,,
4741,China Construction Bank Toronto Branch,Canada,BankAccount,CAD,C2C,0,100000,2,0.01,"[[""lastname"", ""firstname""]]","[[""lastname"", ""firstname""]]","[[""routing_code"", ""account_number""]]",1,1,,,,
4741,China Construction Bank Toronto Branch,Canada,BankAccount,CAD,B2C,0,100000,2,0.01,"[[""registered_name""]]","[[""lastname"", ""firstname""]]","[[""routing_code"", ""account_number""]]",1,1,,,,
4742,CIBC Trust Corporation,Canada,BankAccount,CAD,C2C,0,100000,2,0.01,"[[""lastname"", ""firstname""]]","[[""lastname"", ""firstname""]]","[[""routing_code"", ""account_number""]]",1,1,,,,
4742,CIBC Trust Corporation,Canada,BankAccount,CAD,B2C,0,100000,2,0.01,"[[""registered_name""]]","[[""lastname"", ""firstname""]]","[[""routing_code"", ""account_number""]]",1,1,,,,
4742,CIBC Trust Corporation,Canada,BankAccount,CAD,C2B,0,100000,2,0.01,"[[""lastname"", ""firstname""]]","[[""registered_name""]]","[[""routing_code"", ""account_number""]]",1,1,,,,
4742,CIBC Trust Corporation,Canada,BankAccount,CAD,B2B,0,100000,2,0.01,"[[""registered_name""]]","[[""registered_name""]]","[[""routing_code"", ""account_number""]]",1,1,,,,
4743,Cidel Bank Canada,Canada,BankAccount,CAD,C2C,0,100000,2,0.01,"[[""lastname"", ""firstname""]]","[[""lastname"", ""firstname""]]","[[""routing_code"", ""account_number""]]",1,1,,,,
4743,Cidel Bank Canada,Canada,BankAccount,CAD,B2C,0,100000,2,0.01,"[[""registered_name""]]","[[""lastname"", ""firstname""]]","[[""routing_code"", ""account_number""]]",1,1,,,,
4743,Cidel Bank Canada,Canada,BankAccount,CAD,B2B,0,100000,2,0.01,"[[""registered_name""]]","[[""registered_name""]]","[[""routing_code"", ""account_number""]]",1,1,,,,
4743,Cidel Bank Canada,Canada,BankAccount,CAD,C2B,0,100000,2,0.01,"[[""lastname"", ""firstname""]]","[[""registered_name""]]","[[""routing_code"", ""account_number""]]",1,1,,,,
4744,Citco Bank Canada,Canada,BankAccount,CAD,B2C,0,100000,2,0.01,"[[""registered_name""]]","[[""lastname"", ""firstname""]]","[[""routing_code"", ""account_number""]]",1,1,,,,
4744,Citco Bank Canada,Canada,BankAccount,CAD,C2B,0,100000,2,0.01,"[[""lastname"", ""firstname""]]","[[""registered_name""]]","[[""routing_code"", ""account_number""]]",1,1,,,,
4744,Citco Bank Canada,Canada,BankAccount,CAD,B2B,0,100000,2,0.01,"[[""registered_name""]]","[[""registered_name""]]","[[""routing_code"", ""account_number""]]",1,1,,,,
4744,Citco Bank Canada,Canada,BankAccount,CAD,C2C,0,100000,2,0.01,"[[""lastname"", ""firstname""]]","[[""lastname"", ""firstname""]]","[[""routing_code"", ""account_number""]]",1,1,,,,
4745,Citibank Canada,Canada,BankAccount,CAD,C2B,0,100000,2,0.01,"[[""lastname"", ""firstname""]]","[[""registered_name""]]","[[""routing_code"", ""account_number""]]",1,1,,,,
4745,Citibank Canada,Canada,BankAccount,CAD,C2C,0,100000,2,0.01,"[[""lastname"", ""firstname""]]","[[""lastname"", ""firstname""]]","[[""routing_code"", ""account_number""]]",1,1,,,,
4745,Citibank Canada,Canada,BankAccount,CAD,B2C,0,100000,2,0.01,"[[""registered_name""]]","[[""lastname"", ""firstname""]]","[[""routing_code"", ""account_number""]]",1,1,,,,
4745,Citibank Canada,Canada,BankAccount,CAD,B2B,0,100000,2,0.01,"[[""registered_name""]]","[[""registered_name""]]","[[""routing_code"", ""account_number""]]",1,1,,,,
4746,"Citibank, N.A",Canada,BankAccount,CAD,B2C,0,100000,2,0.01,"[[""registered_name""]]","[[""lastname"", ""firstname""]]","[[""routing_code"", ""account_number""]]",1,1,,,,
4746,"Citibank, N.A",Canada,BankAccount,CAD,C2C,0,100000,2,0.01,"[[""lastname"", ""firstname""]]","[[""lastname"", ""firstname""]]","[[""routing_code"", ""account_number""]]",1,1,,,,
4746,"Citibank, N.A",Canada,BankAccount,CAD,C2B,0,100000,2,0.01,"[[""lastname"", ""firstname""]]","[[""registered_name""]]","[[""routing_code"", ""account_number""]]",1,1,,,,
4746,"Citibank, N.A",Canada,BankAccount,CAD,B2B,0,100000,2,0.01,"[[""registered_name""]]","[[""registered_name""]]","[[""routing_code"", ""account_number""]]",1,1,,,,
4747,Coast Capital Savings Federal Credit Union,Canada,BankAccount,CAD,C2C,0,100000,2,0.01,"[[""lastname"", ""firstname""]]","[[""lastname"", ""firstname""]]","[[""routing_code"", ""account_number""]]",1,1,,,,
4747,Coast Capital Savings Federal Credit Union,Canada,BankAccount,CAD,C2B,0,100000,2,0.01,"[[""lastname"", ""firstname""]]","[[""registered_name""]]","[[""routing_code"", ""account_number""]]",1,1,,,,
4747,Coast Capital Savings Federal Credit Union,Canada,BankAccount,CAD,B2B,0,100000,2,0.01,"[[""registered_name""]]","[[""registered_name""]]","[[""routing_code"", ""account_number""]]",1,1,,,,
4747,Coast Capital Savings Federal Credit Union,Canada,BankAccount,CAD,B2C,0,100000,2,0.01,"[[""registered_name""]]","[[""lastname"", ""firstname""]]","[[""routing_code"", ""account_number""]]",1,1,,,,
4748,Comerica Bank,Canada,BankAccount,CAD,B2B,0,100000,2,0.01,"[[""registered_name""]]","[[""registered_name""]]","[[""routing_code"", ""account_number""]]",1,1,,,,
4748,Comerica Bank,Canada,BankAccount,CAD,C2C,0,100000,2,0.01,"[[""lastname"", ""firstname""]]","[[""lastname"", ""firstname""]]","[[""routing_code"", ""account_number""]]",1,1,,,,
4748,Comerica Bank,Canada,BankAccount,CAD,B2C,0,100000,2,0.01,"[[""registered_name""]]","[[""lastname"", ""firstname""]]","[[""routing_code"", ""account_number""]]",1,1,,,,
4748,Comerica Bank,Canada,BankAccount,CAD,C2B,0,100000,2,0.01,"[[""lastname"", ""firstname""]]","[[""registered_name""]]","[[""routing_code"", ""account_number""]]",1,1,,,,
4749,Community Trust Company,Canada,BankAccount,CAD,C2B,0,100000,2,0.01,"[[""lastname"", ""firstname""]]","[[""registered_name""]]","[[""routing_code"", ""account_number""]]",1,1,,,,
4749,Community Trust Company,Canada,BankAccount,CAD,B2C,0,100000,2,0.01,"[[""registered_name""]]","[[""lastname"", ""firstname""]]","[[""routing_code"", ""account_number""]]",1,1,,,,
4749,Community Trust Company,Canada,BankAccount,CAD,C2C,0,100000,2,0.01,"[[""lastname"", ""firstname""]]","[[""lastname"", ""firstname""]]","[[""routing_code"", ""account_number""]]",1,1,,,,
4749,Community Trust Company,Canada,BankAccount,CAD,B2B,0,100000,2,0.01,"[[""registered_name""]]","[[""registered_name""]]","[[""routing_code"", ""account_number""]]",1,1,,,,
4750,Concentra Bank,Canada,BankAccount,CAD,C2C,0,100000,2,0.01,"[[""lastname"", ""firstname""]]","[[""lastname"", ""firstname""]]","[[""routing_code"", ""account_number""]]",1,1,,,,
4750,Concentra Bank,Canada,BankAccount,CAD,B2C,0,100000,2,0.01,"[[""registered_name""]]","[[""lastname"", ""firstname""]]","[[""routing_code"", ""account_number""]]",1,1,,,,
4750,Concentra Bank,Canada,BankAccount,CAD,C2B,0,100000,2,0.01,"[[""lastname"", ""firstname""]]","[[""registered_name""]]","[[""routing_code"", ""account_number""]]",1,1,,,,
4750,Concentra Bank,Canada,BankAccount,CAD,B2B,0,100000,2,0.01,"[[""registered_name""]]","[[""registered_name""]]","[[""routing_code"", ""account_number""]]",1,1,,,,
4751,Credit Union Central Alberta Limited,Canada,BankAccount,CAD,C2C,0,100000,2,0.01,"[[""lastname"", ""firstname""]]","[[""lastname"", ""firstname""]]","[[""routing_code"", ""account_number""]]",1,1,,,,
4751,Credit Union Central Alberta Limited,Canada,BankAccount,CAD,B2C,0,100000,2,0.01,"[[""registered_name""]]","[[""lastname"", ""firstname""]]","[[""routing_code"", ""account_number""]]",1,1,,,,
4751,Credit Union Central Alberta Limited,Canada,BankAccount,CAD,C2B,0,100000,2,0.01,"[[""lastname"", ""firstname""]]","[[""registered_name""]]","[[""routing_code"", ""account_number""]]",1,1,,,,
4751,Credit Union Central Alberta Limited,Canada,BankAccount,CAD,B2B,0,100000,2,0.01,"[[""registered_name""]]","[[""registered_name""]]","[[""routing_code"", ""account_number""]]",1,1,,,,
4752,Credit Union Central of Manitoba Limited,Canada,BankAccount,CAD,C2C,0,100000,2,0.01,"[[""lastname"", ""firstname""]]","[[""lastname"", ""firstname""]]","[[""routing_code"", ""account_number""]]",1,1,,,,
4752,Credit Union Central of Manitoba Limited,Canada,BankAccount,CAD,B2C,0,100000,2,0.01,"[[""registered_name""]]","[[""lastname"", ""firstname""]]","[[""routing_code"", ""account_number""]]",1,1,,,,
4752,Credit Union Central of Manitoba Limited,Canada,BankAccount,CAD,C2B,0,100000,2,0.01,"[[""lastname"", ""firstname""]]","[[""registered_name""]]","[[""routing_code"", ""account_number""]]",1,1,,,,
4752,Credit Union Central of Manitoba Limited,Canada,BankAccount,CAD,B2B,0,100000,2,0.01,"[[""registered_name""]]","[[""registered_name""]]","[[""routing_code"", ""account_number""]]",1,1,,,,
4753,Credit Union Central of Saskatchewan,Canada,BankAccount,CAD,C2B,0,100000,2,0.01,"[[""lastname"", ""firstname""]]","[[""registered_name""]]","[[""routing_code"", ""account_number""]]",1,1,,,,
4753,Credit Union Central of Saskatchewan,Canada,BankAccount,CAD,C2C,0,100000,2,0.01,"[[""lastname"", ""firstname""]]","[[""lastname"", ""firstname""]]","[[""routing_code"", ""account_number""]]",1,1,,,,
4753,Credit Union Central of Saskatchewan,Canada,BankAccount,CAD,B2C,0,100000,2,0.01,"[[""registered_name""]]","[[""lastname"", ""firstname""]]","[[""routing_code"", ""account_number""]]",1,1,,,,
4753,Credit Union Central of Saskatchewan,Canada,BankAccount,CAD,B2B,0,100000,2,0.01,"[[""registered_name""]]","[[""registered_name""]]","[[""routing_code"", ""account_number""]]",1,1,,,,
4754,CS Alterna Bank,Canada,BankAccount,CAD,B2C,0,100000,2,0.01,"[[""registered_name""]]","[[""lastname"", ""firstname""]]","[[""routing_code"", ""account_number""]]",1,1,,,,
4754,CS Alterna Bank,Canada,BankAccount,CAD,C2C,0,100000,2,0.01,"[[""lastname"", ""firstname""]]","[[""lastname"", ""firstname""]]","[[""routing_code"", ""account_number""]]",1,1,,,,
4754,CS Alterna Bank,Canada,BankAccount,CAD,B2B,0,100000,2,0.01,"[[""registered_name""]]","[[""registered_name""]]","[[""routing_code"", ""account_number""]]",1,1,,,,
4754,CS Alterna Bank,Canada,BankAccount,CAD,C2B,0,100000,2,0.01,"[[""lastname"", ""firstname""]]","[[""registered_name""]]","[[""routing_code"", ""account_number""]]",1,1,,,,
4755,CTBC Bank Corp. (Canada),Canada,BankAccount,CAD,C2C,0,100000,2,0.01,"[[""lastname"", ""firstname""]]","[[""lastname"", ""firstname""]]","[[""routing_code"", ""account_number""]]",1,1,,,,
4755,CTBC Bank Corp. (Canada),Canada,BankAccount,CAD,B2C,0,100000,2,0.01,"[[""registered_name""]]","[[""lastname"", ""firstname""]]","[[""routing_code"", ""account_number""]]",1,1,,,,
4755,CTBC Bank Corp. (Canada),Canada,BankAccount,CAD,B2B,0,100000,2,0.01,"[[""registered_name""]]","[[""registered_name""]]","[[""routing_code"", ""account_number""]]",1,1,,,,
4755,CTBC Bank Corp. (Canada),Canada,BankAccount,CAD,C2B,0,100000,2,0.01,"[[""lastname"", ""firstname""]]","[[""registered_name""]]","[[""routing_code"", ""account_number""]]",1,1,,,,
4756,Deutsche Bank AG,Canada,BankAccount,CAD,C2B,0,100000,2,0.01,"[[""lastname"", ""firstname""]]","[[""registered_name""]]","[[""routing_code"", ""account_number""]]",1,1,,,,
4756,Deutsche Bank AG,Canada,BankAccount,CAD,C2C,0,100000,2,0.01,"[[""lastname"", ""firstname""]]","[[""lastname"", ""firstname""]]","[[""routing_code"", ""account_number""]]",1,1,,,,
4756,Deutsche Bank AG,Canada,BankAccount,CAD,B2C,0,100000,2,0.01,"[[""registered_name""]]","[[""lastname"", ""firstname""]]","[[""routing_code"", ""account_number""]]",1,1,,,,
4756,Deutsche Bank AG,Canada,BankAccount,CAD,B2B,0,100000,2,0.01,"[[""registered_name""]]","[[""registered_name""]]","[[""routing_code"", ""account_number""]]",1,1,,,,
4757,Digital Commerce Bank,Canada,BankAccount,CAD,B2C,0,100000,2,0.01,"[[""registered_name""]]","[[""lastname"", ""firstname""]]","[[""routing_code"", ""account_number""]]",1,1,,,,
4757,Digital Commerce Bank,Canada,BankAccount,CAD,B2B,0,100000,2,0.01,"[[""registered_name""]]","[[""registered_name""]]","[[""routing_code"", ""account_number""]]",1,1,,,,
4757,Digital Commerce Bank,Canada,BankAccount,CAD,C2B,0,100000,2,0.01,"[[""lastname"", ""firstname""]]","[[""registered_name""]]","[[""routing_code"", ""account_number""]]",1,1,,,,
4757,Digital Commerce Bank,Canada,BankAccount,CAD,C2C,0,100000,2,0.01,"[[""lastname"", ""firstname""]]","[[""lastname"", ""firstname""]]","[[""routing_code"", ""account_number""]]",1,1,,,,
4758,Duo Bank of Canada,Canada,BankAccount,CAD,C2C,0,100000,2,0.01,"[[""lastname"", ""firstname""]]","[[""lastname"", ""firstname""]]","[[""routing_code"", ""account_number""]]",1,1,,,,
4758,Duo Bank of Canada,Canada,BankAccount,CAD,B2B,0,100000,2,0.01,"[[""registered_name""]]","[[""registered_name""]]","[[""routing_code"", ""account_number""]]",1,1,,,,
4758,Duo Bank of Canada,Canada,BankAccount,CAD,C2B,0,100000,2,0.01,"[[""lastname"", ""firstname""]]","[[""registered_name""]]","[[""routing_code"", ""account_number""]]",1,1,,,,
4758,Duo Bank of Canada,Canada,BankAccount,CAD,B2C,0,100000,2,0.01,"[[""registered_name""]]","[[""lastname"", ""firstname""]]","[[""routing_code"", ""account_number""]]",1,1,,,,
4759,Edward Jones,Canada,BankAccount,CAD,B2B,0,100000,2,0.01,"[[""registered_name""]]","[[""registered_name""]]","[[""routing_code"", ""account_number""]]",1,1,,,,
4759,Edward Jones,Canada,BankAccount,CAD,C2B,0,100000,2,0.01,"[[""lastname"", ""firstname""]]","[[""registered_name""]]","[[""routing_code"", ""account_number""]]",1,1,,,,
4759,Edward Jones,Canada,BankAccount,CAD,B2C,0,100000,2,0.01,"[[""registered_name""]]","[[""lastname"", ""firstname""]]","[[""routing_code"", ""account_number""]]",1,1,,,,
4759,Edward Jones,Canada,BankAccount,CAD,C2C,0,100000,2,0.01,"[[""lastname"", ""firstname""]]","[[""lastname"", ""firstname""]]","[[""routing_code"", ""account_number""]]",1,1,,,,
4760,Effort Trust Company,Canada,BankAccount,CAD,B2B,0,100000,2,0.01,"[[""registered_name""]]","[[""registered_name""]]","[[""routing_code"", ""account_number""]]",1,1,,,,
4760,Effort Trust Company,Canada,BankAccount,CAD,C2C,0,100000,2,0.01,"[[""lastname"", ""firstname""]]","[[""lastname"", ""firstname""]]","[[""routing_code"", ""account_number""]]",1,1,,,,
4760,Effort Trust Company,Canada,BankAccount,CAD,B2C,0,100000,2,0.01,"[[""registered_name""]]","[[""lastname"", ""firstname""]]","[[""routing_code"", ""account_number""]]",1,1,,,,
4760,Effort Trust Company,Canada,BankAccount,CAD,C2B,0,100000,2,0.01,"[[""lastname"", ""firstname""]]","[[""registered_name""]]","[[""routing_code"", ""account_number""]]",1,1,,,,
4761,Equitable Bank,Canada,BankAccount,CAD,B2C,0,100000,2,0.01,"[[""registered_name""]]","[[""lastname"", ""firstname""]]","[[""routing_code"", ""account_number""]]",1,1,,,,
4761,Equitable Bank,Canada,BankAccount,CAD,C2C,0,100000,2,0.01,"[[""lastname"", ""firstname""]]","[[""lastname"", ""firstname""]]","[[""routing_code"", ""account_number""]]",1,1,,,,
4761,Equitable Bank,Canada,BankAccount,CAD,B2B,0,100000,2,0.01,"[[""registered_name""]]","[[""registered_name""]]","[[""routing_code"", ""account_number""]]",1,1,,,,
4761,Equitable Bank,Canada,BankAccount,CAD,C2B,0,100000,2,0.01,"[[""lastname"", ""firstname""]]","[[""registered_name""]]","[[""routing_code"", ""account_number""]]",1,1,,,,
4762,Exchange Bank of Canada,Canada,BankAccount,CAD,C2B,0,100000,2,0.01,"[[""lastname"", ""firstname""]]","[[""registered_name""]]","[[""routing_code"", ""account_number""]]",1,1,,,,
4762,Exchange Bank of Canada,Canada,BankAccount,CAD,C2C,0,100000,2,0.01,"[[""lastname"", ""firstname""]]","[[""lastname"", ""firstname""]]","[[""routing_code"", ""account_number""]]",1,1,,,,
4762,Exchange Bank of Canada,Canada,BankAccount,CAD,B2C,0,100000,2,0.01,"[[""registered_name""]]","[[""lastname"", ""firstname""]]","[[""routing_code"", ""account_number""]]",1,1,,,,
4762,Exchange Bank of Canada,Canada,BankAccount,CAD,B2B,0,100000,2,0.01,"[[""registered_name""]]","[[""registered_name""]]","[[""routing_code"", ""account_number""]]",1,1,,,,
4763,Fédération des caisses Desjardins du Quebec,Canada,BankAccount,CAD,C2B,0,100000,2,0.01,"[[""lastname"", ""firstname""]]","[[""registered_name""]]","[[""routing_code"", ""account_number""]]",1,1,,,,
4763,Fédération des caisses Desjardins du Quebec,Canada,BankAccount,CAD,B2B,0,100000,2,0.01,"[[""registered_name""]]","[[""registered_name""]]","[[""routing_code"", ""account_number""]]",1,1,,,,
4763,Fédération des caisses Desjardins du Quebec,Canada,BankAccount,CAD,C2C,0,100000,2,0.01,"[[""lastname"", ""firstname""]]","[[""lastname"", ""firstname""]]","[[""routing_code"", ""account_number""]]",1,1,,,,
4763,Fédération des caisses Desjardins du Quebec,Canada,BankAccount,CAD,B2C,0,100000,2,0.01,"[[""registered_name""]]","[[""lastname"", ""firstname""]]","[[""routing_code"", ""account_number""]]",1,1,,,,
4764,"Fifth Third Bank, National Association",Canada,BankAccount,CAD,C2B,0,100000,2,0.01,"[[""lastname"", ""firstname""]]","[[""registered_name""]]","[[""routing_code"", ""account_number""]]",1,1,,,,
4764,"Fifth Third Bank, National Association",Canada,BankAccount,CAD,B2C,0,100000,2,0.01,"[[""registered_name""]]","[[""lastname"", ""firstname""]]","[[""routing_code"", ""account_number""]]",1,1,,,,
4764,"Fifth Third Bank, National Association",Canada,BankAccount,CAD,C2C,0,100000,2,0.01,"[[""lastname"", ""firstname""]]","[[""lastname"", ""firstname""]]","[[""routing_code"", ""account_number""]]",1,1,,,,
4764,"Fifth Third Bank, National Association",Canada,BankAccount,CAD,B2B,0,100000,2,0.01,"[[""registered_name""]]","[[""registered_name""]]","[[""routing_code"", ""account_number""]]",1,1,,,,
4765,First Commercial Bank,Canada,BankAccount,CAD,B2B,0,100000,2,0.01,"[[""registered_name""]]","[[""registered_name""]]","[[""routing_code"", ""account_number""]]",1,1,,,,
4765,First Commercial Bank,Canada,BankAccount,CAD,B2C,0,100000,2,0.01,"[[""registered_name""]]","[[""lastname"", ""firstname""]]","[[""routing_code"", ""account_number""]]",1,1,,,,
4765,First Commercial Bank,Canada,BankAccount,CAD,C2C,0,100000,2,0.01,"[[""lastname"", ""firstname""]]","[[""lastname"", ""firstname""]]","[[""routing_code"", ""account_number""]]",1,1,,,,
4765,First Commercial Bank,Canada,BankAccount,CAD,C2B,0,100000,2,0.01,"[[""lastname"", ""firstname""]]","[[""registered_name""]]","[[""routing_code"", ""account_number""]]",1,1,,,,
4766,First Nations Bank of Canada,Canada,BankAccount,CAD,C2C,0,100000,2,0.01,"[[""lastname"", ""firstname""]]","[[""lastname"", ""firstname""]]","[[""routing_code"", ""account_number""]]",1,1,,,,
4766,First Nations Bank of Canada,Canada,BankAccount,CAD,B2C,0,100000,2,0.01,"[[""registered_name""]]","[[""lastname"", ""firstname""]]","[[""routing_code"", ""account_number""]]",1,1,,,,
4766,First Nations Bank of Canada,Canada,BankAccount,CAD,C2B,0,100000,2,0.01,"[[""lastname"", ""firstname""]]","[[""registered_name""]]","[[""routing_code"", ""account_number""]]",1,1,,,,
4766,First Nations Bank of Canada,Canada,BankAccount,CAD,B2B,0,100000,2,0.01,"[[""registered_name""]]","[[""registered_name""]]","[[""routing_code"", ""account_number""]]",1,1,,,,
4767,General Bank of Canada,Canada,BankAccount,CAD,B2B,0,100000,2,0.01,"[[""registered_name""]]","[[""registered_name""]]","[[""routing_code"", ""account_number""]]",1,1,,,,
4767,General Bank of Canada,Canada,BankAccount,CAD,C2C,0,100000,2,0.01,"[[""lastname"", ""firstname""]]","[[""lastname"", ""firstname""]]","[[""routing_code"", ""account_number""]]",1,1,,,,
4767,General Bank of Canada,Canada,BankAccount,CAD,B2C,0,100000,2,0.01,"[[""registered_name""]]","[[""lastname"", ""firstname""]]","[[""routing_code"", ""account_number""]]",1,1,,,,
4767,General Bank of Canada,Canada,BankAccount,CAD,C2B,0,100000,2,0.01,"[[""lastname"", ""firstname""]]","[[""registered_name""]]","[[""routing_code"", ""account_number""]]",1,1,,,,
4768,Habib Canadian Bank,Canada,BankAccount,CAD,B2B,0,100000,2,0.01,"[[""registered_name""]]","[[""registered_name""]]","[[""routing_code"", ""account_number""]]",1,1,,,,
4768,Habib Canadian Bank,Canada,BankAccount,CAD,C2B,0,100000,2,0.01,"[[""lastname"", ""firstname""]]","[[""registered_name""]]","[[""routing_code"", ""account_number""]]",1,1,,,,
4768,Habib Canadian Bank,Canada,BankAccount,CAD,B2C,0,100000,2,0.01,"[[""registered_name""]]","[[""lastname"", ""firstname""]]","[[""routing_code"", ""account_number""]]",1,1,,,,
4768,Habib Canadian Bank,Canada,BankAccount,CAD,C2C,0,100000,2,0.01,"[[""lastname"", ""firstname""]]","[[""lastname"", ""firstname""]]","[[""routing_code"", ""account_number""]]",1,1,,,,
4769,Haventree Bank,Canada,BankAccount,CAD,B2B,0,100000,2,0.01,"[[""registered_name""]]","[[""registered_name""]]","[[""routing_code"", ""account_number""]]",1,1,,,,
4769,Haventree Bank,Canada,BankAccount,CAD,C2C,0,100000,2,0.01,"[[""lastname"", ""firstname""]]","[[""lastname"", ""firstname""]]","[[""routing_code"", ""account_number""]]",1,1,,,,
4769,Haventree Bank,Canada,BankAccount,CAD,B2C,0,100000,2,0.01,"[[""registered_name""]]","[[""lastname"", ""firstname""]]","[[""routing_code"", ""account_number""]]",1,1,,,,
4769,Haventree Bank,Canada,BankAccount,CAD,C2B,0,100000,2,0.01,"[[""lastname"", ""firstname""]]","[[""registered_name""]]","[[""routing_code"", ""account_number""]]",1,1,,,,
4770,Home Bank,Canada,BankAccount,CAD,B2C,0,100000,2,0.01,"[[""registered_name""]]","[[""lastname"", ""firstname""]]","[[""routing_code"", ""account_number""]]",1,1,,,,
4770,Home Bank,Canada,BankAccount,CAD,C2C,0,100000,2,0.01,"[[""lastname"", ""firstname""]]","[[""lastname"", ""firstname""]]","[[""routing_code"", ""account_number""]]",1,1,,,,
4770,Home Bank,Canada,BankAccount,CAD,C2B,0,100000,2,0.01,"[[""lastname"", ""firstname""]]","[[""registered_name""]]","[[""routing_code"", ""account_number""]]",1,1,,,,
4770,Home Bank,Canada,BankAccount,CAD,B2B,0,100000,2,0.01,"[[""registered_name""]]","[[""registered_name""]]","[[""routing_code"", ""account_number""]]",1,1,,,,
4772,HomeEquity Bank,Canada,BankAccount,CAD,B2B,0,100000,2,0.01,"[[""registered_name""]]","[[""registered_name""]]","[[""routing_code"", ""account_number""]]",1,1,,,,
4772,HomeEquity Bank,Canada,BankAccount,CAD,C2C,0,100000,2,0.01,"[[""lastname"", ""firstname""]]","[[""lastname"", ""firstname""]]","[[""routing_code"", ""account_number""]]",1,1,,,,
4772,HomeEquity Bank,Canada,BankAccount,CAD,B2C,0,100000,2,0.01,"[[""registered_name""]]","[[""lastname"", ""firstname""]]","[[""routing_code"", ""account_number""]]",1,1,,,,
4772,HomeEquity Bank,Canada,BankAccount,CAD,C2B,0,100000,2,0.01,"[[""lastname"", ""firstname""]]","[[""registered_name""]]","[[""routing_code"", ""account_number""]]",1,1,,,,
4771,Home Trust Company,Canada,BankAccount,CAD,C2B,0,100000,2,0.01,"[[""lastname"", ""firstname""]]","[[""registered_name""]]","[[""routing_code"", ""account_number""]]",1,1,,,,
4771,Home Trust Company,Canada,BankAccount,CAD,C2C,0,100000,2,0.01,"[[""lastname"", ""firstname""]]","[[""lastname"", ""firstname""]]","[[""routing_code"", ""account_number""]]",1,1,,,,
4771,Home Trust Company,Canada,BankAccount,CAD,B2C,0,100000,2,0.01,"[[""registered_name""]]","[[""lastname"", ""firstname""]]","[[""routing_code"", ""account_number""]]",1,1,,,,
4771,Home Trust Company,Canada,BankAccount,CAD,B2B,0,100000,2,0.01,"[[""registered_name""]]","[[""registered_name""]]","[[""routing_code"", ""account_number""]]",1,1,,,,
4773,HSBC Bank Canada,Canada,BankAccount,CAD,C2B,0,100000,2,0.01,"[[""lastname"", ""firstname""]]","[[""registered_name""]]","[[""routing_code"", ""account_number""]]",1,1,,,,
4773,HSBC Bank Canada,Canada,BankAccount,CAD,C2C,0,100000,2,0.01,"[[""lastname"", ""firstname""]]","[[""lastname"", ""firstname""]]","[[""routing_code"", ""account_number""]]",1,1,,,,
4773,HSBC Bank Canada,Canada,BankAccount,CAD,B2C,0,100000,2,0.01,"[[""registered_name""]]","[[""lastname"", ""firstname""]]","[[""routing_code"", ""account_number""]]",1,1,,,,
4773,HSBC Bank Canada,Canada,BankAccount,CAD,B2B,0,100000,2,0.01,"[[""registered_name""]]","[[""registered_name""]]","[[""routing_code"", ""account_number""]]",1,1,,,,
4774,HSBC Mortgage Corporation (Canada),Canada,BankAccount,CAD,B2C,0,100000,2,0.01,"[[""registered_name""]]","[[""lastname"", ""firstname""]]","[[""routing_code"", ""account_number""]]",1,1,,,,
4774,HSBC Mortgage Corporation (Canada),Canada,BankAccount,CAD,C2C,0,100000,2,0.01,"[[""lastname"", ""firstname""]]","[[""lastname"", ""firstname""]]","[[""routing_code"", ""account_number""]]",1,1,,,,
4774,HSBC Mortgage Corporation (Canada),Canada,BankAccount,CAD,C2B,0,100000,2,0.01,"[[""lastname"", ""firstname""]]","[[""registered_name""]]","[[""routing_code"", ""account_number""]]",1,1,,,,
4774,HSBC Mortgage Corporation (Canada),Canada,BankAccount,CAD,B2B,0,100000,2,0.01,"[[""registered_name""]]","[[""registered_name""]]","[[""routing_code"", ""account_number""]]",1,1,,,,
4775,ICICI Bank Canada,Canada,BankAccount,CAD,B2B,0,100000,2,0.01,"[[""registered_name""]]","[[""registered_name""]]","[[""routing_code"", ""account_number""]]",1,1,,,,
4775,ICICI Bank Canada,Canada,BankAccount,CAD,C2C,0,100000,2,0.01,"[[""lastname"", ""firstname""]]","[[""lastname"", ""firstname""]]","[[""routing_code"", ""account_number""]]",1,1,,,,
4775,ICICI Bank Canada,Canada,BankAccount,CAD,B2C,0,100000,2,0.01,"[[""registered_name""]]","[[""lastname"", ""firstname""]]","[[""routing_code"", ""account_number""]]",1,1,,,,
4775,ICICI Bank Canada,Canada,BankAccount,CAD,C2B,0,100000,2,0.01,"[[""lastname"", ""firstname""]]","[[""registered_name""]]","[[""routing_code"", ""account_number""]]",1,1,,,,
4776,Industrial and Commercial Bank of China (Canada),Canada,BankAccount,CAD,B2B,0,100000,2,0.01,"[[""registered_name""]]","[[""registered_name""]]","[[""routing_code"", ""account_number""]]",1,1,,,,
4776,Industrial and Commercial Bank of China (Canada),Canada,BankAccount,CAD,C2B,0,100000,2,0.01,"[[""lastname"", ""firstname""]]","[[""registered_name""]]","[[""routing_code"", ""account_number""]]",1,1,,,,
4776,Industrial and Commercial Bank of China (Canada),Canada,BankAccount,CAD,B2C,0,100000,2,0.01,"[[""registered_name""]]","[[""lastname"", ""firstname""]]","[[""routing_code"", ""account_number""]]",1,1,,,,
4776,Industrial and Commercial Bank of China (Canada),Canada,BankAccount,CAD,C2C,0,100000,2,0.01,"[[""lastname"", ""firstname""]]","[[""lastname"", ""firstname""]]","[[""routing_code"", ""account_number""]]",1,1,,,,
4777,Investors Group Trust Co. Ltd.,Canada,BankAccount,CAD,C2C,0,100000,2,0.01,"[[""lastname"", ""firstname""]]","[[""lastname"", ""firstname""]]","[[""routing_code"", ""account_number""]]",1,1,,,,
4777,Investors Group Trust Co. Ltd.,Canada,BankAccount,CAD,B2C,0,100000,2,0.01,"[[""registered_name""]]","[[""lastname"", ""firstname""]]","[[""routing_code"", ""account_number""]]",1,1,,,,
4777,Investors Group Trust Co. Ltd.,Canada,BankAccount,CAD,C2B,0,100000,2,0.01,"[[""lastname"", ""firstname""]]","[[""registered_name""]]","[[""routing_code"", ""account_number""]]",1,1,,,,
4777,Investors Group Trust Co. Ltd.,Canada,BankAccount,CAD,B2B,0,100000,2,0.01,"[[""registered_name""]]","[[""registered_name""]]","[[""routing_code"", ""account_number""]]",1,1,,,,
4778,J.P. Morgan Bank Canada,Canada,BankAccount,CAD,B2B,0,100000,2,0.01,"[[""registered_name""]]","[[""registered_name""]]","[[""routing_code"", ""account_number""]]",1,1,,,,
4778,J.P. Morgan Bank Canada,Canada,BankAccount,CAD,C2B,0,100000,2,0.01,"[[""lastname"", ""firstname""]]","[[""registered_name""]]","[[""routing_code"", ""account_number""]]",1,1,,,,
4778,J.P. Morgan Bank Canada,Canada,BankAccount,CAD,B2C,0,100000,2,0.01,"[[""registered_name""]]","[[""lastname"", ""firstname""]]","[[""routing_code"", ""account_number""]]",1,1,,,,
4778,J.P. Morgan Bank Canada,Canada,BankAccount,CAD,C2C,0,100000,2,0.01,"[[""lastname"", ""firstname""]]","[[""lastname"", ""firstname""]]","[[""routing_code"", ""account_number""]]",1,1,,,,
4779,"JPMorgan Chase Bank, National Association",Canada,BankAccount,CAD,B2B,0,100000,2,0.01,"[[""registered_name""]]","[[""registered_name""]]","[[""routing_code"", ""account_number""]]",1,1,,,,
4779,"JPMorgan Chase Bank, National Association",Canada,BankAccount,CAD,C2C,0,100000,2,0.01,"[[""lastname"", ""firstname""]]","[[""lastname"", ""firstname""]]","[[""routing_code"", ""account_number""]]",1,1,,,,
4779,"JPMorgan Chase Bank, National Association",Canada,BankAccount,CAD,B2C,0,100000,2,0.01,"[[""registered_name""]]","[[""lastname"", ""firstname""]]","[[""routing_code"", ""account_number""]]",1,1,,,,
4779,"JPMorgan Chase Bank, National Association",Canada,BankAccount,CAD,C2B,0,100000,2,0.01,"[[""lastname"", ""firstname""]]","[[""registered_name""]]","[[""routing_code"", ""account_number""]]",1,1,,,,
4780,KEB Hana Bank Canada,Canada,BankAccount,CAD,B2B,0,100000,2,0.01,"[[""registered_name""]]","[[""registered_name""]]","[[""routing_code"", ""account_number""]]",1,1,,,,
4780,KEB Hana Bank Canada,Canada,BankAccount,CAD,C2B,0,100000,2,0.01,"[[""lastname"", ""firstname""]]","[[""registered_name""]]","[[""routing_code"", ""account_number""]]",1,1,,,,
4780,KEB Hana Bank Canada,Canada,BankAccount,CAD,B2C,0,100000,2,0.01,"[[""registered_name""]]","[[""lastname"", ""firstname""]]","[[""routing_code"", ""account_number""]]",1,1,,,,
4780,KEB Hana Bank Canada,Canada,BankAccount,CAD,C2C,0,100000,2,0.01,"[[""lastname"", ""firstname""]]","[[""lastname"", ""firstname""]]","[[""routing_code"", ""account_number""]]",1,1,,,,
4781,Laurentian Bank of Canada,Canada,BankAccount,CAD,B2B,0,100000,2,0.01,"[[""registered_name""]]","[[""registered_name""]]","[[""routing_code"", ""account_number""]]",1,1,,,,
4781,Laurentian Bank of Canada,Canada,BankAccount,CAD,C2C,0,100000,2,0.01,"[[""lastname"", ""firstname""]]","[[""lastname"", ""firstname""]]","[[""routing_code"", ""account_number""]]",1,1,,,,
4781,Laurentian Bank of Canada,Canada,BankAccount,CAD,B2C,0,100000,2,0.01,"[[""registered_name""]]","[[""lastname"", ""firstname""]]","[[""routing_code"", ""account_number""]]",1,1,,,,
4781,Laurentian Bank of Canada,Canada,BankAccount,CAD,C2B,0,100000,2,0.01,"[[""lastname"", ""firstname""]]","[[""registered_name""]]","[[""routing_code"", ""account_number""]]",1,1,,,,
4783,Manufacturers Life Insurance Company,Canada,BankAccount,CAD,B2B,0,100000,2,0.01,"[[""registered_name""]]","[[""registered_name""]]","[[""routing_code"", ""account_number""]]",1,1,,,,
4783,Manufacturers Life Insurance Company,Canada,BankAccount,CAD,B2C,0,100000,2,0.01,"[[""registered_name""]]","[[""lastname"", ""firstname""]]","[[""routing_code"", ""account_number""]]",1,1,,,,
4783,Manufacturers Life Insurance Company,Canada,BankAccount,CAD,C2C,0,100000,2,0.01,"[[""lastname"", ""firstname""]]","[[""lastname"", ""firstname""]]","[[""routing_code"", ""account_number""]]",1,1,,,,
4783,Manufacturers Life Insurance Company,Canada,BankAccount,CAD,C2B,0,100000,2,0.01,"[[""lastname"", ""firstname""]]","[[""registered_name""]]","[[""routing_code"", ""account_number""]]",1,1,,,,
4784,Manulife Bank of Canada,Canada,BankAccount,CAD,C2C,0,100000,2,0.01,"[[""lastname"", ""firstname""]]","[[""lastname"", ""firstname""]]","[[""routing_code"", ""account_number""]]",1,1,,,,
4784,Manulife Bank of Canada,Canada,BankAccount,CAD,C2B,0,100000,2,0.01,"[[""lastname"", ""firstname""]]","[[""registered_name""]]","[[""routing_code"", ""account_number""]]",1,1,,,,
4784,Manulife Bank of Canada,Canada,BankAccount,CAD,B2C,0,100000,2,0.01,"[[""registered_name""]]","[[""lastname"", ""firstname""]]","[[""routing_code"", ""account_number""]]",1,1,,,,
4784,Manulife Bank of Canada,Canada,BankAccount,CAD,B2B,0,100000,2,0.01,"[[""registered_name""]]","[[""registered_name""]]","[[""routing_code"", ""account_number""]]",1,1,,,,
4785,Manulife Trust Company,Canada,BankAccount,CAD,C2B,0,100000,2,0.01,"[[""lastname"", ""firstname""]]","[[""registered_name""]]","[[""routing_code"", ""account_number""]]",1,1,,,,
4785,Manulife Trust Company,Canada,BankAccount,CAD,C2C,0,100000,2,0.01,"[[""lastname"", ""firstname""]]","[[""lastname"", ""firstname""]]","[[""routing_code"", ""account_number""]]",1,1,,,,
4785,Manulife Trust Company,Canada,BankAccount,CAD,B2C,0,100000,2,0.01,"[[""registered_name""]]","[[""lastname"", ""firstname""]]","[[""routing_code"", ""account_number""]]",1,1,,,,
4785,Manulife Trust Company,Canada,BankAccount,CAD,B2B,0,100000,2,0.01,"[[""registered_name""]]","[[""registered_name""]]","[[""routing_code"", ""account_number""]]",1,1,,,,
4786,"Mega International Commercial Bank Co., Ltd.",Canada,BankAccount,CAD,C2B,0,100000,2,0.01,"[[""lastname"", ""firstname""]]","[[""registered_name""]]","[[""routing_code"", ""account_number""]]",1,1,,,,
4786,"Mega International Commercial Bank Co., Ltd.",Canada,BankAccount,CAD,C2C,0,100000,2,0.01,"[[""lastname"", ""firstname""]]","[[""lastname"", ""firstname""]]","[[""routing_code"", ""account_number""]]",1,1,,,,
4786,"Mega International Commercial Bank Co., Ltd.",Canada,BankAccount,CAD,B2C,0,100000,2,0.01,"[[""registered_name""]]","[[""lastname"", ""firstname""]]","[[""routing_code"", ""account_number""]]",1,1,,,,
4786,"Mega International Commercial Bank Co., Ltd.",Canada,BankAccount,CAD,B2B,0,100000,2,0.01,"[[""registered_name""]]","[[""registered_name""]]","[[""routing_code"", ""account_number""]]",1,1,,,,
4787,Mizuho Bank Ltd.,Canada,BankAccount,CAD,C2B,0,100000,2,0.01,"[[""lastname"", ""firstname""]]","[[""registered_name""]]","[[""routing_code"", ""account_number""]]",1,1,,,,
4787,Mizuho Bank Ltd.,Canada,BankAccount,CAD,C2C,0,100000,2,0.01,"[[""lastname"", ""firstname""]]","[[""lastname"", ""firstname""]]","[[""routing_code"", ""account_number""]]",1,1,,,,
4787,Mizuho Bank Ltd.,Canada,BankAccount,CAD,B2C,0,100000,2,0.01,"[[""registered_name""]]","[[""lastname"", ""firstname""]]","[[""routing_code"", ""account_number""]]",1,1,,,,
4787,Mizuho Bank Ltd.,Canada,BankAccount,CAD,B2B,0,100000,2,0.01,"[[""registered_name""]]","[[""registered_name""]]","[[""routing_code"", ""account_number""]]",1,1,,,,
4788,Montreal Trust Company of Canada,Canada,BankAccount,CAD,C2B,0,100000,2,0.01,"[[""lastname"", ""firstname""]]","[[""registered_name""]]","[[""routing_code"", ""account_number""]]",1,1,,,,
4788,Montreal Trust Company of Canada,Canada,BankAccount,CAD,C2C,0,100000,2,0.01,"[[""lastname"", ""firstname""]]","[[""lastname"", ""firstname""]]","[[""routing_code"", ""account_number""]]",1,1,,,,
4788,Montreal Trust Company of Canada,Canada,BankAccount,CAD,B2C,0,100000,2,0.01,"[[""registered_name""]]","[[""lastname"", ""firstname""]]","[[""routing_code"", ""account_number""]]",1,1,,,,
4788,Montreal Trust Company of Canada,Canada,BankAccount,CAD,B2B,0,100000,2,0.01,"[[""registered_name""]]","[[""registered_name""]]","[[""routing_code"", ""account_number""]]",1,1,,,,
4789,Motus Bank,Canada,BankAccount,CAD,C2B,0,100000,2,0.01,"[[""lastname"", ""firstname""]]","[[""registered_name""]]","[[""routing_code"", ""account_number""]]",1,1,,,,
4789,Motus Bank,Canada,BankAccount,CAD,C2C,0,100000,2,0.01,"[[""lastname"", ""firstname""]]","[[""lastname"", ""firstname""]]","[[""routing_code"", ""account_number""]]",1,1,,,,
4789,Motus Bank,Canada,BankAccount,CAD,B2C,0,100000,2,0.01,"[[""registered_name""]]","[[""lastname"", ""firstname""]]","[[""routing_code"", ""account_number""]]",1,1,,,,
4789,Motus Bank,Canada,BankAccount,CAD,B2B,0,100000,2,0.01,"[[""registered_name""]]","[[""registered_name""]]","[[""routing_code"", ""account_number""]]",1,1,,,,
4782,M & T Bank,Canada,BankAccount,CAD,B2B,0,100000,2,0.01,"[[""registered_name""]]","[[""registered_name""]]","[[""routing_code"", ""account_number""]]",1,1,,,,
4782,M & T Bank,Canada,BankAccount,CAD,C2B,0,100000,2,0.01,"[[""lastname"", ""firstname""]]","[[""registered_name""]]","[[""routing_code"", ""account_number""]]",1,1,,,,
4782,M & T Bank,Canada,BankAccount,CAD,B2C,0,100000,2,0.01,"[[""registered_name""]]","[[""lastname"", ""firstname""]]","[[""routing_code"", ""account_number""]]",1,1,,,,
4782,M & T Bank,Canada,BankAccount,CAD,C2C,0,100000,2,0.01,"[[""lastname"", ""firstname""]]","[[""lastname"", ""firstname""]]","[[""routing_code"", ""account_number""]]",1,1,,,,
4790,"MUFG Bank, Ltd., Canada Branch",Canada,BankAccount,CAD,C2B,0,100000,2,0.01,"[[""lastname"", ""firstname""]]","[[""registered_name""]]","[[""routing_code"", ""account_number""]]",1,1,,,,
4790,"MUFG Bank, Ltd., Canada Branch",Canada,BankAccount,CAD,B2C,0,100000,2,0.01,"[[""registered_name""]]","[[""lastname"", ""firstname""]]","[[""routing_code"", ""account_number""]]",1,1,,,,
4790,"MUFG Bank, Ltd., Canada Branch",Canada,BankAccount,CAD,C2C,0,100000,2,0.01,"[[""lastname"", ""firstname""]]","[[""lastname"", ""firstname""]]","[[""routing_code"", ""account_number""]]",1,1,,,,
4790,"MUFG Bank, Ltd., Canada Branch",Canada,BankAccount,CAD,B2B,0,100000,2,0.01,"[[""registered_name""]]","[[""registered_name""]]","[[""routing_code"", ""account_number""]]",1,1,,,,
4791,Natcan Trust Company,Canada,BankAccount,CAD,B2C,0,100000,2,0.01,"[[""registered_name""]]","[[""lastname"", ""firstname""]]","[[""routing_code"", ""account_number""]]",1,1,,,,
4791,Natcan Trust Company,Canada,BankAccount,CAD,C2C,0,100000,2,0.01,"[[""lastname"", ""firstname""]]","[[""lastname"", ""firstname""]]","[[""routing_code"", ""account_number""]]",1,1,,,,
4791,Natcan Trust Company,Canada,BankAccount,CAD,C2B,0,100000,2,0.01,"[[""lastname"", ""firstname""]]","[[""registered_name""]]","[[""routing_code"", ""account_number""]]",1,1,,,,
4791,Natcan Trust Company,Canada,BankAccount,CAD,B2B,0,100000,2,0.01,"[[""registered_name""]]","[[""registered_name""]]","[[""routing_code"", ""account_number""]]",1,1,,,,
4792,National Bank of Canada,Canada,BankAccount,CAD,B2C,0,100000,2,0.01,"[[""registered_name""]]","[[""lastname"", ""firstname""]]","[[""routing_code"", ""account_number""]]",1,1,,,,
4792,National Bank of Canada,Canada,BankAccount,CAD,C2B,0,100000,2,0.01,"[[""lastname"", ""firstname""]]","[[""registered_name""]]","[[""routing_code"", ""account_number""]]",1,1,,,,
4792,National Bank of Canada,Canada,BankAccount,CAD,B2B,0,100000,2,0.01,"[[""registered_name""]]","[[""registered_name""]]","[[""routing_code"", ""account_number""]]",1,1,,,,
4792,National Bank of Canada,Canada,BankAccount,CAD,C2C,0,100000,2,0.01,"[[""lastname"", ""firstname""]]","[[""lastname"", ""firstname""]]","[[""routing_code"", ""account_number""]]",1,1,,,,
4793,National Trust Company,Canada,BankAccount,CAD,B2B,0,100000,2,0.01,"[[""registered_name""]]","[[""registered_name""]]","[[""routing_code"", ""account_number""]]",1,1,,,,
4793,National Trust Company,Canada,BankAccount,CAD,C2C,0,100000,2,0.01,"[[""lastname"", ""firstname""]]","[[""lastname"", ""firstname""]]","[[""routing_code"", ""account_number""]]",1,1,,,,
4793,National Trust Company,Canada,BankAccount,CAD,B2C,0,100000,2,0.01,"[[""registered_name""]]","[[""lastname"", ""firstname""]]","[[""routing_code"", ""account_number""]]",1,1,,,,
4793,National Trust Company,Canada,BankAccount,CAD,C2B,0,100000,2,0.01,"[[""lastname"", ""firstname""]]","[[""registered_name""]]","[[""routing_code"", ""account_number""]]",1,1,,,,
4794,Peace Hills Trust Company,Canada,BankAccount,CAD,B2B,0,100000,2,0.01,"[[""registered_name""]]","[[""registered_name""]]","[[""routing_code"", ""account_number""]]",1,1,,,,
4794,Peace Hills Trust Company,Canada,BankAccount,CAD,C2C,0,100000,2,0.01,"[[""lastname"", ""firstname""]]","[[""lastname"", ""firstname""]]","[[""routing_code"", ""account_number""]]",1,1,,,,
4794,Peace Hills Trust Company,Canada,BankAccount,CAD,B2C,0,100000,2,0.01,"[[""registered_name""]]","[[""lastname"", ""firstname""]]","[[""routing_code"", ""account_number""]]",1,1,,,,
4794,Peace Hills Trust Company,Canada,BankAccount,CAD,C2B,0,100000,2,0.01,"[[""lastname"", ""firstname""]]","[[""registered_name""]]","[[""routing_code"", ""account_number""]]",1,1,,,,
4795,Peoples Bank of Canada,Canada,BankAccount,CAD,C2B,0,100000,2,0.01,"[[""lastname"", ""firstname""]]","[[""registered_name""]]","[[""routing_code"", ""account_number""]]",1,1,,,,
4795,Peoples Bank of Canada,Canada,BankAccount,CAD,C2C,0,100000,2,0.01,"[[""lastname"", ""firstname""]]","[[""lastname"", ""firstname""]]","[[""routing_code"", ""account_number""]]",1,1,,,,
4795,Peoples Bank of Canada,Canada,BankAccount,CAD,B2C,0,100000,2,0.01,"[[""registered_name""]]","[[""lastname"", ""firstname""]]","[[""routing_code"", ""account_number""]]",1,1,,,,
4795,Peoples Bank of Canada,Canada,BankAccount,CAD,B2B,0,100000,2,0.01,"[[""registered_name""]]","[[""registered_name""]]","[[""routing_code"", ""account_number""]]",1,1,,,,
4796,Peoples Trust Company,Canada,BankAccount,CAD,C2B,0,100000,2,0.01,"[[""lastname"", ""firstname""]]","[[""registered_name""]]","[[""routing_code"", ""account_number""]]",1,1,,,,
4796,Peoples Trust Company,Canada,BankAccount,CAD,C2C,0,100000,2,0.01,"[[""lastname"", ""firstname""]]","[[""lastname"", ""firstname""]]","[[""routing_code"", ""account_number""]]",1,1,,,,
4796,Peoples Trust Company,Canada,BankAccount,CAD,B2C,0,100000,2,0.01,"[[""registered_name""]]","[[""lastname"", ""firstname""]]","[[""routing_code"", ""account_number""]]",1,1,,,,
4796,Peoples Trust Company,Canada,BankAccount,CAD,B2B,0,100000,2,0.01,"[[""registered_name""]]","[[""registered_name""]]","[[""routing_code"", ""account_number""]]",1,1,,,,
4797,PNC Bank Canada Branch,Canada,BankAccount,CAD,C2B,0,100000,2,0.01,"[[""lastname"", ""firstname""]]","[[""registered_name""]]","[[""routing_code"", ""account_number""]]",1,1,,,,
4797,PNC Bank Canada Branch,Canada,BankAccount,CAD,C2C,0,100000,2,0.01,"[[""lastname"", ""firstname""]]","[[""lastname"", ""firstname""]]","[[""routing_code"", ""account_number""]]",1,1,,,,
4797,PNC Bank Canada Branch,Canada,BankAccount,CAD,B2C,0,100000,2,0.01,"[[""registered_name""]]","[[""lastname"", ""firstname""]]","[[""routing_code"", ""account_number""]]",1,1,,,,
4797,PNC Bank Canada Branch,Canada,BankAccount,CAD,B2B,0,100000,2,0.01,"[[""registered_name""]]","[[""registered_name""]]","[[""routing_code"", ""account_number""]]",1,1,,,,
4798,President's Choice Bank,Canada,BankAccount,CAD,C2B,0,100000,2,0.01,"[[""lastname"", ""firstname""]]","[[""registered_name""]]","[[""routing_code"", ""account_number""]]",1,1,,,,
4798,President's Choice Bank,Canada,BankAccount,CAD,B2B,0,100000,2,0.01,"[[""registered_name""]]","[[""registered_name""]]","[[""routing_code"", ""account_number""]]",1,1,,,,
4798,President's Choice Bank,Canada,BankAccount,CAD,B2C,0,100000,2,0.01,"[[""registered_name""]]","[[""lastname"", ""firstname""]]","[[""routing_code"", ""account_number""]]",1,1,,,,
4798,President's Choice Bank,Canada,BankAccount,CAD,C2C,0,100000,2,0.01,"[[""lastname"", ""firstname""]]","[[""lastname"", ""firstname""]]","[[""routing_code"", ""account_number""]]",1,1,,,,
4799,Rabobank Canada,Canada,BankAccount,CAD,C2C,0,100000,2,0.01,"[[""lastname"", ""firstname""]]","[[""lastname"", ""firstname""]]","[[""routing_code"", ""account_number""]]",1,1,,,,
4799,Rabobank Canada,Canada,BankAccount,CAD,B2C,0,100000,2,0.01,"[[""registered_name""]]","[[""lastname"", ""firstname""]]","[[""routing_code"", ""account_number""]]",1,1,,,,
4799,Rabobank Canada,Canada,BankAccount,CAD,C2B,0,100000,2,0.01,"[[""lastname"", ""firstname""]]","[[""registered_name""]]","[[""routing_code"", ""account_number""]]",1,1,,,,
4799,Rabobank Canada,Canada,BankAccount,CAD,B2B,0,100000,2,0.01,"[[""registered_name""]]","[[""registered_name""]]","[[""routing_code"", ""account_number""]]",1,1,,,,
4800,RFA Bank of Canada,Canada,BankAccount,CAD,C2C,0,100000,2,0.01,"[[""lastname"", ""firstname""]]","[[""lastname"", ""firstname""]]","[[""routing_code"", ""account_number""]]",1,1,,,,
4800,RFA Bank of Canada,Canada,BankAccount,CAD,C2B,0,100000,2,0.01,"[[""lastname"", ""firstname""]]","[[""registered_name""]]","[[""routing_code"", ""account_number""]]",1,1,,,,
4800,RFA Bank of Canada,Canada,BankAccount,CAD,B2C,0,100000,2,0.01,"[[""registered_name""]]","[[""lastname"", ""firstname""]]","[[""routing_code"", ""account_number""]]",1,1,,,,
4800,RFA Bank of Canada,Canada,BankAccount,CAD,B2B,0,100000,2,0.01,"[[""registered_name""]]","[[""registered_name""]]","[[""routing_code"", ""account_number""]]",1,1,,,,
4801,Rogers Bank,Canada,BankAccount,CAD,B2B,0,100000,2,0.01,"[[""registered_name""]]","[[""registered_name""]]","[[""routing_code"", ""account_number""]]",1,1,,,,
4801,Rogers Bank,Canada,BankAccount,CAD,C2C,0,100000,2,0.01,"[[""lastname"", ""firstname""]]","[[""lastname"", ""firstname""]]","[[""routing_code"", ""account_number""]]",1,1,,,,
4801,Rogers Bank,Canada,BankAccount,CAD,B2C,0,100000,2,0.01,"[[""registered_name""]]","[[""lastname"", ""firstname""]]","[[""routing_code"", ""account_number""]]",1,1,,,,
4801,Rogers Bank,Canada,BankAccount,CAD,C2B,0,100000,2,0.01,"[[""lastname"", ""firstname""]]","[[""registered_name""]]","[[""routing_code"", ""account_number""]]",1,1,,,,
4802,Royal Bank of Canada,Canada,BankAccount,CAD,B2B,0,100000,2,0.01,"[[""registered_name""]]","[[""registered_name""]]","[[""routing_code"", ""account_number""]]",1,1,,,,
4802,Royal Bank of Canada,Canada,BankAccount,CAD,C2C,0,100000,2,0.01,"[[""lastname"", ""firstname""]]","[[""lastname"", ""firstname""]]","[[""routing_code"", ""account_number""]]",1,1,,,,
4802,Royal Bank of Canada,Canada,BankAccount,CAD,B2C,0,100000,2,0.01,"[[""registered_name""]]","[[""lastname"", ""firstname""]]","[[""routing_code"", ""account_number""]]",1,1,,,,
4802,Royal Bank of Canada,Canada,BankAccount,CAD,C2B,0,100000,2,0.01,"[[""lastname"", ""firstname""]]","[[""registered_name""]]","[[""routing_code"", ""account_number""]]",1,1,,,,
4803,Royal Trust Corporation of Canada,Canada,BankAccount,CAD,B2B,0,100000,2,0.01,"[[""registered_name""]]","[[""registered_name""]]","[[""routing_code"", ""account_number""]]",1,1,,,,
4803,Royal Trust Corporation of Canada,Canada,BankAccount,CAD,C2C,0,100000,2,0.01,"[[""lastname"", ""firstname""]]","[[""lastname"", ""firstname""]]","[[""routing_code"", ""account_number""]]",1,1,,,,
4803,Royal Trust Corporation of Canada,Canada,BankAccount,CAD,C2B,0,100000,2,0.01,"[[""lastname"", ""firstname""]]","[[""registered_name""]]","[[""routing_code"", ""account_number""]]",1,1,,,,
4803,Royal Trust Corporation of Canada,Canada,BankAccount,CAD,B2C,0,100000,2,0.01,"[[""registered_name""]]","[[""lastname"", ""firstname""]]","[[""routing_code"", ""account_number""]]",1,1,,,,
4804,SBI Canada Bank,Canada,BankAccount,CAD,C2C,0,100000,2,0.01,"[[""lastname"", ""firstname""]]","[[""lastname"", ""firstname""]]","[[""routing_code"", ""account_number""]]",1,1,,,,
4804,SBI Canada Bank,Canada,BankAccount,CAD,B2B,0,100000,2,0.01,"[[""registered_name""]]","[[""registered_name""]]","[[""routing_code"", ""account_number""]]",1,1,,,,
4804,SBI Canada Bank,Canada,BankAccount,CAD,C2B,0,100000,2,0.01,"[[""lastname"", ""firstname""]]","[[""registered_name""]]","[[""routing_code"", ""account_number""]]",1,1,,,,
4804,SBI Canada Bank,Canada,BankAccount,CAD,B2C,0,100000,2,0.01,"[[""registered_name""]]","[[""lastname"", ""firstname""]]","[[""routing_code"", ""account_number""]]",1,1,,,,
4805,Scotia Mortgage Corporation,Canada,BankAccount,CAD,B2C,0,100000,2,0.01,"[[""registered_name""]]","[[""lastname"", ""firstname""]]","[[""routing_code"", ""account_number""]]",1,1,,,,
4805,Scotia Mortgage Corporation,Canada,BankAccount,CAD,C2C,0,100000,2,0.01,"[[""lastname"", ""firstname""]]","[[""lastname"", ""firstname""]]","[[""routing_code"", ""account_number""]]",1,1,,,,
4805,Scotia Mortgage Corporation,Canada,BankAccount,CAD,B2B,0,100000,2,0.01,"[[""registered_name""]]","[[""registered_name""]]","[[""routing_code"", ""account_number""]]",1,1,,,,
4805,Scotia Mortgage Corporation,Canada,BankAccount,CAD,C2B,0,100000,2,0.01,"[[""lastname"", ""firstname""]]","[[""registered_name""]]","[[""routing_code"", ""account_number""]]",1,1,,,,
4806,Shinhan Bank Canada,Canada,BankAccount,CAD,B2C,0,100000,2,0.01,"[[""registered_name""]]","[[""lastname"", ""firstname""]]","[[""routing_code"", ""account_number""]]",1,1,,,,
4806,Shinhan Bank Canada,Canada,BankAccount,CAD,C2C,0,100000,2,0.01,"[[""lastname"", ""firstname""]]","[[""lastname"", ""firstname""]]","[[""routing_code"", ""account_number""]]",1,1,,,,
4806,Shinhan Bank Canada,Canada,BankAccount,CAD,B2B,0,100000,2,0.01,"[[""registered_name""]]","[[""registered_name""]]","[[""routing_code"", ""account_number""]]",1,1,,,,
4806,Shinhan Bank Canada,Canada,BankAccount,CAD,C2B,0,100000,2,0.01,"[[""lastname"", ""firstname""]]","[[""registered_name""]]","[[""routing_code"", ""account_number""]]",1,1,,,,
4807,Société Générale (Canada Branch) (Institution Code 292),Canada,BankAccount,CAD,B2B,0,100000,2,0.01,"[[""registered_name""]]","[[""registered_name""]]","[[""routing_code"", ""account_number""]]",1,1,,,,
4807,Société Générale (Canada Branch) (Institution Code 292),Canada,BankAccount,CAD,B2C,0,100000,2,0.01,"[[""registered_name""]]","[[""lastname"", ""firstname""]]","[[""routing_code"", ""account_number""]]",1,1,,,,
4807,Société Générale (Canada Branch) (Institution Code 292),Canada,BankAccount,CAD,C2B,0,100000,2,0.01,"[[""lastname"", ""firstname""]]","[[""registered_name""]]","[[""routing_code"", ""account_number""]]",1,1,,,,
4807,Société Générale (Canada Branch) (Institution Code 292),Canada,BankAccount,CAD,C2C,0,100000,2,0.01,"[[""lastname"", ""firstname""]]","[[""lastname"", ""firstname""]]","[[""routing_code"", ""account_number""]]",1,1,,,,
4828,Société Générale (Canada Branch) (Institution Code 346),Canada,BankAccount,CAD,B2C,0,100000,2,0.01,"[[""registered_name""]]","[[""lastname"", ""firstname""]]","[[""routing_code"", ""account_number""]]",1,1,,,,
4828,Société Générale (Canada Branch) (Institution Code 346),Canada,BankAccount,CAD,C2C,0,100000,2,0.01,"[[""lastname"", ""firstname""]]","[[""lastname"", ""firstname""]]","[[""routing_code"", ""account_number""]]",1,1,,,,
4828,Société Générale (Canada Branch) (Institution Code 346),Canada,BankAccount,CAD,C2B,0,100000,2,0.01,"[[""lastname"", ""firstname""]]","[[""registered_name""]]","[[""routing_code"", ""account_number""]]",1,1,,,,
4828,Société Générale (Canada Branch) (Institution Code 346),Canada,BankAccount,CAD,B2B,0,100000,2,0.01,"[[""registered_name""]]","[[""registered_name""]]","[[""routing_code"", ""account_number""]]",1,1,,,,
4808,State Street,Canada,BankAccount,CAD,C2B,0,100000,2,0.01,"[[""lastname"", ""firstname""]]","[[""registered_name""]]","[[""routing_code"", ""account_number""]]",1,1,,,,
4808,State Street,Canada,BankAccount,CAD,C2C,0,100000,2,0.01,"[[""lastname"", ""firstname""]]","[[""lastname"", ""firstname""]]","[[""routing_code"", ""account_number""]]",1,1,,,,
4808,State Street,Canada,BankAccount,CAD,B2C,0,100000,2,0.01,"[[""registered_name""]]","[[""lastname"", ""firstname""]]","[[""routing_code"", ""account_number""]]",1,1,,,,
4808,State Street,Canada,BankAccount,CAD,B2B,0,100000,2,0.01,"[[""registered_name""]]","[[""registered_name""]]","[[""routing_code"", ""account_number""]]",1,1,,,,
4809,"Sumitomo Mitsui Banking Corporation, Canada Branch",Canada,BankAccount,CAD,C2B,0,100000,2,0.01,"[[""lastname"", ""firstname""]]","[[""registered_name""]]","[[""routing_code"", ""account_number""]]",1,1,,,,
4809,"Sumitomo Mitsui Banking Corporation, Canada Branch",Canada,BankAccount,CAD,C2C,0,100000,2,0.01,"[[""lastname"", ""firstname""]]","[[""lastname"", ""firstname""]]","[[""routing_code"", ""account_number""]]",1,1,,,,
4809,"Sumitomo Mitsui Banking Corporation, Canada Branch",Canada,BankAccount,CAD,B2C,0,100000,2,0.01,"[[""registered_name""]]","[[""lastname"", ""firstname""]]","[[""routing_code"", ""account_number""]]",1,1,,,,
4809,"Sumitomo Mitsui Banking Corporation, Canada Branch",Canada,BankAccount,CAD,B2B,0,100000,2,0.01,"[[""registered_name""]]","[[""registered_name""]]","[[""routing_code"", ""account_number""]]",1,1,,,,
4810,Sun Life Financial Trust Inc.,Canada,BankAccount,CAD,B2B,0,100000,2,0.01,"[[""registered_name""]]","[[""registered_name""]]","[[""routing_code"", ""account_number""]]",1,1,,,,
4810,Sun Life Financial Trust Inc.,Canada,BankAccount,CAD,C2B,0,100000,2,0.01,"[[""lastname"", ""firstname""]]","[[""registered_name""]]","[[""routing_code"", ""account_number""]]",1,1,,,,
4810,Sun Life Financial Trust Inc.,Canada,BankAccount,CAD,C2C,0,100000,2,0.01,"[[""lastname"", ""firstname""]]","[[""lastname"", ""firstname""]]","[[""routing_code"", ""account_number""]]",1,1,,,,
4810,Sun Life Financial Trust Inc.,Canada,BankAccount,CAD,B2C,0,100000,2,0.01,"[[""registered_name""]]","[[""lastname"", ""firstname""]]","[[""routing_code"", ""account_number""]]",1,1,,,,
4811,Tangerine Bank,Canada,BankAccount,CAD,B2C,0,100000,2,0.01,"[[""registered_name""]]","[[""lastname"", ""firstname""]]","[[""routing_code"", ""account_number""]]",1,1,,,,
4811,Tangerine Bank,Canada,BankAccount,CAD,C2C,0,100000,2,0.01,"[[""lastname"", ""firstname""]]","[[""lastname"", ""firstname""]]","[[""routing_code"", ""account_number""]]",1,1,,,,
4811,Tangerine Bank,Canada,BankAccount,CAD,C2B,0,100000,2,0.01,"[[""lastname"", ""firstname""]]","[[""registered_name""]]","[[""routing_code"", ""account_number""]]",1,1,,,,
4811,Tangerine Bank,Canada,BankAccount,CAD,B2B,0,100000,2,0.01,"[[""registered_name""]]","[[""registered_name""]]","[[""routing_code"", ""account_number""]]",1,1,,,,
4812,TD Mortgage Corporation,Canada,BankAccount,CAD,B2B,0,100000,2,0.01,"[[""registered_name""]]","[[""registered_name""]]","[[""routing_code"", ""account_number""]]",1,1,,,,
4812,TD Mortgage Corporation,Canada,BankAccount,CAD,B2C,0,100000,2,0.01,"[[""registered_name""]]","[[""lastname"", ""firstname""]]","[[""routing_code"", ""account_number""]]",1,1,,,,
4812,TD Mortgage Corporation,Canada,BankAccount,CAD,C2C,0,100000,2,0.01,"[[""lastname"", ""firstname""]]","[[""lastname"", ""firstname""]]","[[""routing_code"", ""account_number""]]",1,1,,,,
4812,TD Mortgage Corporation,Canada,BankAccount,CAD,C2B,0,100000,2,0.01,"[[""lastname"", ""firstname""]]","[[""registered_name""]]","[[""routing_code"", ""account_number""]]",1,1,,,,
4813,TD Pacific Mortgage Corporation,Canada,BankAccount,CAD,B2B,0,100000,2,0.01,"[[""registered_name""]]","[[""registered_name""]]","[[""routing_code"", ""account_number""]]",1,1,,,,
4813,TD Pacific Mortgage Corporation,Canada,BankAccount,CAD,C2C,0,100000,2,0.01,"[[""lastname"", ""firstname""]]","[[""lastname"", ""firstname""]]","[[""routing_code"", ""account_number""]]",1,1,,,,
4813,TD Pacific Mortgage Corporation,Canada,BankAccount,CAD,B2C,0,100000,2,0.01,"[[""registered_name""]]","[[""lastname"", ""firstname""]]","[[""routing_code"", ""account_number""]]",1,1,,,,
4813,TD Pacific Mortgage Corporation,Canada,BankAccount,CAD,C2B,0,100000,2,0.01,"[[""lastname"", ""firstname""]]","[[""registered_name""]]","[[""routing_code"", ""account_number""]]",1,1,,,,
4814,The Bank of New York Mellon,Canada,BankAccount,CAD,C2B,0,100000,2,0.01,"[[""lastname"", ""firstname""]]","[[""registered_name""]]","[[""routing_code"", ""account_number""]]",1,1,,,,
4814,The Bank of New York Mellon,Canada,BankAccount,CAD,C2C,0,100000,2,0.01,"[[""lastname"", ""firstname""]]","[[""lastname"", ""firstname""]]","[[""routing_code"", ""account_number""]]",1,1,,,,
4814,The Bank of New York Mellon,Canada,BankAccount,CAD,B2C,0,100000,2,0.01,"[[""registered_name""]]","[[""lastname"", ""firstname""]]","[[""routing_code"", ""account_number""]]",1,1,,,,
4814,The Bank of New York Mellon,Canada,BankAccount,CAD,B2B,0,100000,2,0.01,"[[""registered_name""]]","[[""registered_name""]]","[[""routing_code"", ""account_number""]]",1,1,,,,
4815,The Bank of Nova Scotia,Canada,BankAccount,CAD,C2C,0,100000,2,0.01,"[[""lastname"", ""firstname""]]","[[""lastname"", ""firstname""]]","[[""routing_code"", ""account_number""]]",1,1,,,,
4815,The Bank of Nova Scotia,Canada,BankAccount,CAD,C2B,0,100000,2,0.01,"[[""lastname"", ""firstname""]]","[[""registered_name""]]","[[""routing_code"", ""account_number""]]",1,1,,,,
4815,The Bank of Nova Scotia,Canada,BankAccount,CAD,B2B,0,100000,2,0.01,"[[""registered_name""]]","[[""registered_name""]]","[[""routing_code"", ""account_number""]]",1,1,,,,
4815,The Bank of Nova Scotia,Canada,BankAccount,CAD,B2C,0,100000,2,0.01,"[[""registered_name""]]","[[""lastname"", ""firstname""]]","[[""routing_code"", ""account_number""]]",1,1,,,,
4816,The Canada Trust Company,Canada,BankAccount,CAD,C2C,0,100000,2,0.01,"[[""lastname"", ""firstname""]]","[[""lastname"", ""firstname""]]","[[""routing_code"", ""account_number""]]",1,1,,,,
4816,The Canada Trust Company,Canada,BankAccount,CAD,B2C,0,100000,2,0.01,"[[""registered_name""]]","[[""lastname"", ""firstname""]]","[[""routing_code"", ""account_number""]]",1,1,,,,
4816,The Canada Trust Company,Canada,BankAccount,CAD,C2B,0,100000,2,0.01,"[[""lastname"", ""firstname""]]","[[""registered_name""]]","[[""routing_code"", ""account_number""]]",1,1,,,,
4816,The Canada Trust Company,Canada,BankAccount,CAD,B2B,0,100000,2,0.01,"[[""registered_name""]]","[[""registered_name""]]","[[""routing_code"", ""account_number""]]",1,1,,,,
4817,"The Northern Trust Company, Canada Branch",Canada,BankAccount,CAD,B2C,0,100000,2,0.01,"[[""registered_name""]]","[[""lastname"", ""firstname""]]","[[""routing_code"", ""account_number""]]",1,1,,,,
4817,"The Northern Trust Company, Canada Branch",Canada,BankAccount,CAD,B2B,0,100000,2,0.01,"[[""registered_name""]]","[[""registered_name""]]","[[""routing_code"", ""account_number""]]",1,1,,,,
4817,"The Northern Trust Company, Canada Branch",Canada,BankAccount,CAD,C2B,0,100000,2,0.01,"[[""lastname"", ""firstname""]]","[[""registered_name""]]","[[""routing_code"", ""account_number""]]",1,1,,,,
4817,"The Northern Trust Company, Canada Branch",Canada,BankAccount,CAD,C2C,0,100000,2,0.01,"[[""lastname"", ""firstname""]]","[[""lastname"", ""firstname""]]","[[""routing_code"", ""account_number""]]",1,1,,,,
4818,The Royal Trust Company,Canada,BankAccount,CAD,C2C,0,100000,2,0.01,"[[""lastname"", ""firstname""]]","[[""lastname"", ""firstname""]]","[[""routing_code"", ""account_number""]]",1,1,,,,
4818,The Royal Trust Company,Canada,BankAccount,CAD,B2C,0,100000,2,0.01,"[[""registered_name""]]","[[""lastname"", ""firstname""]]","[[""routing_code"", ""account_number""]]",1,1,,,,
4818,The Royal Trust Company,Canada,BankAccount,CAD,C2B,0,100000,2,0.01,"[[""lastname"", ""firstname""]]","[[""registered_name""]]","[[""routing_code"", ""account_number""]]",1,1,,,,
4818,The Royal Trust Company,Canada,BankAccount,CAD,B2B,0,100000,2,0.01,"[[""registered_name""]]","[[""registered_name""]]","[[""routing_code"", ""account_number""]]",1,1,,,,
4819,The Toronto-Dominion Bank,Canada,BankAccount,CAD,B2B,0,100000,2,0.01,"[[""registered_name""]]","[[""registered_name""]]","[[""routing_code"", ""account_number""]]",1,1,,,,
4819,The Toronto-Dominion Bank,Canada,BankAccount,CAD,C2C,0,100000,2,0.01,"[[""lastname"", ""firstname""]]","[[""lastname"", ""firstname""]]","[[""routing_code"", ""account_number""]]",1,1,,,,
4819,The Toronto-Dominion Bank,Canada,BankAccount,CAD,B2C,0,100000,2,0.01,"[[""registered_name""]]","[[""lastname"", ""firstname""]]","[[""routing_code"", ""account_number""]]",1,1,,,,
4819,The Toronto-Dominion Bank,Canada,BankAccount,CAD,C2B,0,100000,2,0.01,"[[""lastname"", ""firstname""]]","[[""registered_name""]]","[[""routing_code"", ""account_number""]]",1,1,,,,
4820,Trust La Laurentienne du Canada Inc.,Canada,BankAccount,CAD,C2B,0,100000,2,0.01,"[[""lastname"", ""firstname""]]","[[""registered_name""]]","[[""routing_code"", ""account_number""]]",1,1,,,,
4820,Trust La Laurentienne du Canada Inc.,Canada,BankAccount,CAD,C2C,0,100000,2,0.01,"[[""lastname"", ""firstname""]]","[[""lastname"", ""firstname""]]","[[""routing_code"", ""account_number""]]",1,1,,,,
4820,Trust La Laurentienne du Canada Inc.,Canada,BankAccount,CAD,B2C,0,100000,2,0.01,"[[""registered_name""]]","[[""lastname"", ""firstname""]]","[[""routing_code"", ""account_number""]]",1,1,,,,
4820,Trust La Laurentienne du Canada Inc.,Canada,BankAccount,CAD,B2B,0,100000,2,0.01,"[[""registered_name""]]","[[""registered_name""]]","[[""routing_code"", ""account_number""]]",1,1,,,,
4822,UBS Bank (Canada),Canada,BankAccount,CAD,B2C,0,100000,2,0.01,"[[""registered_name""]]","[[""lastname"", ""firstname""]]","[[""routing_code"", ""account_number""]]",1,1,,,,
4822,UBS Bank (Canada),Canada,BankAccount,CAD,B2B,0,100000,2,0.01,"[[""registered_name""]]","[[""registered_name""]]","[[""routing_code"", ""account_number""]]",1,1,,,,
4822,UBS Bank (Canada),Canada,BankAccount,CAD,C2B,0,100000,2,0.01,"[[""lastname"", ""firstname""]]","[[""registered_name""]]","[[""routing_code"", ""account_number""]]",1,1,,,,
4822,UBS Bank (Canada),Canada,BankAccount,CAD,C2C,0,100000,2,0.01,"[[""lastname"", ""firstname""]]","[[""lastname"", ""firstname""]]","[[""routing_code"", ""account_number""]]",1,1,,,,
4823,United Overseas Bank Limited,Canada,BankAccount,CAD,B2B,0,100000,2,0.01,"[[""registered_name""]]","[[""registered_name""]]","[[""routing_code"", ""account_number""]]",1,1,,,,
4823,United Overseas Bank Limited,Canada,BankAccount,CAD,C2C,0,100000,2,0.01,"[[""lastname"", ""firstname""]]","[[""lastname"", ""firstname""]]","[[""routing_code"", ""account_number""]]",1,1,,,,
4823,United Overseas Bank Limited,Canada,BankAccount,CAD,B2C,0,100000,2,0.01,"[[""registered_name""]]","[[""lastname"", ""firstname""]]","[[""routing_code"", ""account_number""]]",1,1,,,,
4823,United Overseas Bank Limited,Canada,BankAccount,CAD,C2B,0,100000,2,0.01,"[[""lastname"", ""firstname""]]","[[""registered_name""]]","[[""routing_code"", ""account_number""]]",1,1,,,,
4821,U.S. Bank National Association,Canada,BankAccount,CAD,C2B,0,100000,2,0.01,"[[""lastname"", ""firstname""]]","[[""registered_name""]]","[[""routing_code"", ""account_number""]]",1,1,,,,
4821,U.S. Bank National Association,Canada,BankAccount,CAD,C2C,0,100000,2,0.01,"[[""lastname"", ""firstname""]]","[[""lastname"", ""firstname""]]","[[""routing_code"", ""account_number""]]",1,1,,,,
4821,U.S. Bank National Association,Canada,BankAccount,CAD,B2C,0,100000,2,0.01,"[[""registered_name""]]","[[""lastname"", ""firstname""]]","[[""routing_code"", ""account_number""]]",1,1,,,,
4821,U.S. Bank National Association,Canada,BankAccount,CAD,B2B,0,100000,2,0.01,"[[""registered_name""]]","[[""registered_name""]]","[[""routing_code"", ""account_number""]]",1,1,,,,
4824,Vancity Community Investment Bank,Canada,BankAccount,CAD,C2B,0,100000,2,0.01,"[[""lastname"", ""firstname""]]","[[""registered_name""]]","[[""routing_code"", ""account_number""]]",1,1,,,,
4824,Vancity Community Investment Bank,Canada,BankAccount,CAD,C2C,0,100000,2,0.01,"[[""lastname"", ""firstname""]]","[[""lastname"", ""firstname""]]","[[""routing_code"", ""account_number""]]",1,1,,,,
4824,Vancity Community Investment Bank,Canada,BankAccount,CAD,B2C,0,100000,2,0.01,"[[""registered_name""]]","[[""lastname"", ""firstname""]]","[[""routing_code"", ""account_number""]]",1,1,,,,
4824,Vancity Community Investment Bank,Canada,BankAccount,CAD,B2B,0,100000,2,0.01,"[[""registered_name""]]","[[""registered_name""]]","[[""routing_code"", ""account_number""]]",1,1,,,,
4825,VersaBank,Canada,BankAccount,CAD,B2B,0,100000,2,0.01,"[[""registered_name""]]","[[""registered_name""]]","[[""routing_code"", ""account_number""]]",1,1,,,,
4825,VersaBank,Canada,BankAccount,CAD,C2C,0,100000,2,0.01,"[[""lastname"", ""firstname""]]","[[""lastname"", ""firstname""]]","[[""routing_code"", ""account_number""]]",1,1,,,,
4825,VersaBank,Canada,BankAccount,CAD,B2C,0,100000,2,0.01,"[[""registered_name""]]","[[""lastname"", ""firstname""]]","[[""routing_code"", ""account_number""]]",1,1,,,,
4825,VersaBank,Canada,BankAccount,CAD,C2B,0,100000,2,0.01,"[[""lastname"", ""firstname""]]","[[""registered_name""]]","[[""routing_code"", ""account_number""]]",1,1,,,,
4826,Wealth One Bank of Canada,Canada,BankAccount,CAD,C2C,0,100000,2,0.01,"[[""lastname"", ""firstname""]]","[[""lastname"", ""firstname""]]","[[""routing_code"", ""account_number""]]",1,1,,,,
4826,Wealth One Bank of Canada,Canada,BankAccount,CAD,B2C,0,100000,2,0.01,"[[""registered_name""]]","[[""lastname"", ""firstname""]]","[[""routing_code"", ""account_number""]]",1,1,,,,
4826,Wealth One Bank of Canada,Canada,BankAccount,CAD,B2B,0,100000,2,0.01,"[[""registered_name""]]","[[""registered_name""]]","[[""routing_code"", ""account_number""]]",1,1,,,,
4826,Wealth One Bank of Canada,Canada,BankAccount,CAD,C2B,0,100000,2,0.01,"[[""lastname"", ""firstname""]]","[[""registered_name""]]","[[""routing_code"", ""account_number""]]",1,1,,,,
4827,"Wells Fargo Bank, National Association, Canadian Branch",Canada,BankAccount,CAD,B2C,0,100000,2,0.01,"[[""registered_name""]]","[[""lastname"", ""firstname""]]","[[""routing_code"", ""account_number""]]",1,1,,,,
4827,"Wells Fargo Bank, National Association, Canadian Branch",Canada,BankAccount,CAD,B2B,0,100000,2,0.01,"[[""registered_name""]]","[[""registered_name""]]","[[""routing_code"", ""account_number""]]",1,1,,,,
4827,"Wells Fargo Bank, National Association, Canadian Branch",Canada,BankAccount,CAD,C2B,0,100000,2,0.01,"[[""lastname"", ""firstname""]]","[[""registered_name""]]","[[""routing_code"", ""account_number""]]",1,1,,,,
4827,"Wells Fargo Bank, National Association, Canadian Branch",Canada,BankAccount,CAD,C2C,0,100000,2,0.01,"[[""lastname"", ""firstname""]]","[[""lastname"", ""firstname""]]","[[""routing_code"", ""account_number""]]",1,1,,,,
1307,Banco BBVA,Chile,BankAccount,CLP,C2C,6200,3000000,0,1,"[[""lastname"", ""firstname"", ""city"", ""country_iso_code"", ""id_type"", ""id_number""], [""lastname"", ""firstname"", ""city"", ""country_iso_code"", ""code""]]","[[""lastname"", ""firstname"", ""address"", ""country_iso_code"", ""id_number""]]","[[""bank_account_number"", ""account_type""]]",1,1,,,,
1311,Banco BICE,Chile,BankAccount,CLP,C2C,6200,3000000,0,1,"[[""lastname"", ""firstname"", ""city"", ""country_iso_code"", ""id_type"", ""id_number""], [""lastname"", ""firstname"", ""city"", ""country_iso_code"", ""code""]]","[[""lastname"", ""firstname"", ""address"", ""country_iso_code"", ""id_number""]]","[[""bank_account_number"", ""account_type""]]",1,1,,,,
1313,Banco Consorcio,Chile,BankAccount,CLP,C2C,6200,3000000,0,1,"[[""lastname"", ""firstname"", ""city"", ""country_iso_code"", ""id_type"", ""id_number""], [""lastname"", ""firstname"", ""city"", ""country_iso_code"", ""code""]]","[[""lastname"", ""firstname"", ""address"", ""country_iso_code"", ""id_number""]]","[[""bank_account_number"", ""account_type""]]",1,1,,,,
1315,Banco Corpbanca,Chile,BankAccount,CLP,C2C,6200,3000000,0,1,"[[""lastname"", ""firstname"", ""city"", ""country_iso_code"", ""id_type"", ""id_number""], [""lastname"", ""firstname"", ""city"", ""country_iso_code"", ""code""]]","[[""lastname"", ""firstname"", ""address"", ""country_iso_code"", ""id_number""]]","[[""bank_account_number"", ""account_type""]]",1,1,,,,
1317,Banco Credichile,Chile,BankAccount,CLP,C2C,6200,3000000,0,1,"[[""lastname"", ""firstname"", ""city"", ""country_iso_code"", ""id_type"", ""id_number""], [""lastname"", ""firstname"", ""city"", ""country_iso_code"", ""code""]]","[[""lastname"", ""firstname"", ""address"", ""country_iso_code"", ""id_number""]]","[[""bank_account_number"", ""account_type""]]",1,1,,,,
1319,Banco Credito Inversiones,Chile,BankAccount,CLP,C2C,6200,3000000,0,1,"[[""lastname"", ""firstname"", ""city"", ""country_iso_code"", ""id_type"", ""id_number""], [""lastname"", ""firstname"", ""city"", ""country_iso_code"", ""code""]]","[[""lastname"", ""firstname"", ""address"", ""country_iso_code"", ""id_number""]]","[[""bank_account_number"", ""account_type""]]",1,1,,,,
1321,Banco de Chile,Chile,BankAccount,CLP,C2C,6200,3000000,0,1,"[[""lastname"", ""firstname"", ""city"", ""country_iso_code"", ""id_type"", ""id_number""], [""lastname"", ""firstname"", ""city"", ""country_iso_code"", ""code""]]","[[""lastname"", ""firstname"", ""address"", ""country_iso_code"", ""id_number""]]","[[""bank_account_number"", ""account_type""]]",1,1,,,,
1323,Banco Estado,Chile,BankAccount,CLP,C2C,6200,3000000,0,1,"[[""lastname"", ""firstname"", ""city"", ""country_iso_code"", ""id_type"", ""id_number""], [""lastname"", ""firstname"", ""city"", ""country_iso_code"", ""code""]]","[[""lastname"", ""firstname"", ""address"", ""country_iso_code"", ""id_number""]]","[[""bank_account_number"", ""account_type""]]",1,1,,,,
1325,Banco Falabella,Chile,BankAccount,CLP,C2C,6200,3000000,0,1,"[[""lastname"", ""firstname"", ""city"", ""country_iso_code"", ""id_type"", ""id_number""], [""lastname"", ""firstname"", ""city"", ""country_iso_code"", ""code""]]","[[""lastname"", ""firstname"", ""address"", ""country_iso_code"", ""id_number""]]","[[""bank_account_number"", ""account_type""]]",1,1,,,,
1327,Banco HSBC,Chile,BankAccount,CLP,C2C,6200,3000000,0,1,"[[""lastname"", ""firstname"", ""city"", ""country_iso_code"", ""id_type"", ""id_number""], [""lastname"", ""firstname"", ""city"", ""country_iso_code"", ""code""]]","[[""lastname"", ""firstname"", ""address"", ""country_iso_code"", ""id_number""]]","[[""bank_account_number"", ""account_type""]]",1,1,,,,
1329,Banco Internacional,Chile,BankAccount,CLP,C2C,6200,3000000,0,1,"[[""lastname"", ""firstname"", ""city"", ""country_iso_code"", ""id_type"", ""id_number""], [""lastname"", ""firstname"", ""city"", ""country_iso_code"", ""code""]]","[[""lastname"", ""firstname"", ""address"", ""country_iso_code"", ""id_number""]]","[[""bank_account_number"", ""account_type""]]",1,1,,,,
1331,Banco ITAU,Chile,BankAccount,CLP,C2C,6200,3000000,0,1,"[[""lastname"", ""firstname"", ""city"", ""country_iso_code"", ""id_type"", ""id_number""], [""lastname"", ""firstname"", ""city"", ""country_iso_code"", ""code""]]","[[""lastname"", ""firstname"", ""address"", ""country_iso_code"", ""id_number""]]","[[""bank_account_number"", ""account_type""]]",1,1,,,,
1333,Banco Paris,Chile,BankAccount,CLP,C2C,6200,3000000,0,1,"[[""lastname"", ""firstname"", ""city"", ""country_iso_code"", ""id_type"", ""id_number""], [""lastname"", ""firstname"", ""city"", ""country_iso_code"", ""code""]]","[[""lastname"", ""firstname"", ""address"", ""country_iso_code"", ""id_number""]]","[[""bank_account_number"", ""account_type""]]",1,1,,,,
1337,Banco Ripley,Chile,BankAccount,CLP,C2C,6200,3000000,0,1,"[[""lastname"", ""firstname"", ""city"", ""country_iso_code"", ""id_type"", ""id_number""], [""lastname"", ""firstname"", ""city"", ""country_iso_code"", ""code""]]","[[""lastname"", ""firstname"", ""address"", ""country_iso_code"", ""id_number""]]","[[""bank_account_number"", ""account_type""]]",1,1,,,,
1339,Banco Santander,Chile,BankAccount,CLP,C2C,6200,3000000,0,1,"[[""lastname"", ""firstname"", ""city"", ""country_iso_code"", ""id_type"", ""id_number""], [""lastname"", ""firstname"", ""city"", ""country_iso_code"", ""code""]]","[[""lastname"", ""firstname"", ""address"", ""country_iso_code"", ""id_number""]]","[[""bank_account_number"", ""account_type""]]",1,1,,,,
1341,Banco Scotiabank,Chile,BankAccount,CLP,C2C,6200,3000000,0,1,"[[""lastname"", ""firstname"", ""city"", ""country_iso_code"", ""id_type"", ""id_number""], [""lastname"", ""firstname"", ""city"", ""country_iso_code"", ""code""]]","[[""lastname"", ""firstname"", ""address"", ""country_iso_code"", ""id_number""]]","[[""bank_account_number"", ""account_type""]]",1,1,,,,
2785,Rabobank,Chile,BankAccount,CLP,C2C,6200,3000000,0,1,"[[""lastname"", ""firstname"", ""city"", ""country_iso_code"", ""id_type"", ""id_number""], [""lastname"", ""firstname"", ""city"", ""country_iso_code"", ""code""]]","[[""lastname"", ""firstname"", ""address"", ""country_iso_code"", ""id_number""]]","[[""bank_account_number"", ""account_type""]]",1,1,,,,
2067,UnionPay,China,Card,CNY,C2C,0,21000,2,0.01,"[[""lastname"", ""date_of_birth"", ""city"", ""id_type"", ""id_number""], [""lastname"", ""code"", ""date_of_birth"", ""city""]]","[[""lastname"", ""id_type"", ""id_number""]]","[[""card_number""], [""bank_account_number""]]",1,1,,,,
3460,AliPay,China,MobileWallet,CNY,C2C,0,50000,2,0.01,"[[""lastname"", ""date_of_birth"", ""address"", ""country_iso_code"", ""id_type"", ""id_number""]]","[[""lastname"", ""firstname""]]","[[""msisdn""], [""email""]]",1,1,,"[[""msisdn""], [""email""]]","[[""lastname"", ""firstname""]]",
3538,Congo DRC Universal CashPick-up,Congo (Democratic Republic of the),CashPickup,USD,C2C,0,,0,1,"[[""lastname"", ""firstname""]]","[[""lastname"", ""firstname""]]","[[""msisdn""]]",1,1,,,,
1445,Major Banks Ivory Coast,Côte d'Ivoire,BankAccount,XOF,C2C,0,1000000,0,1,"[[""lastname"", ""firstname"", ""country_iso_code""]]","[[""lastname"", ""firstname"", ""country_iso_code""]]","[[""iban""]]",1,1,,,,
1445,Major Banks Ivory Coast,Côte d'Ivoire,BankAccount,XOF,B2B,0,1000000,0,1,"[[""registered_name"", ""country_iso_code""]]","[[""registered_name"", ""country_iso_code""]]","[[""iban""]]",1,1,,,,"[[""invoice""]]"
498,HelloCash,Ethiopia,MobileWallet,ETB,C2C,25,,2,0.01,,,"[[""msisdn""]]",1,1,"[[""msisdn""]]","[[""msisdn""]]",,
1669,Access Bank,Ghana,BankAccount,GHS,B2B,0,100000,2,0.01,"[[""registered_name"", ""country_iso_code""]]","[[""registered_name""]]","[[""bank_account_number""]]",1,1,[[]],[[]],,"[[""invoice""]]"
1669,Access Bank,Ghana,BankAccount,GHS,C2C,0,100000,2,0.01,"[[""lastname"", ""firstname"", ""country_iso_code""]]","[[""lastname"", ""firstname""]]","[[""bank_account_number""]]",1,1,"[[""bank_account_number""]]","[[""bank_account_number""]]",,
1806,Agricultural Development Bank,Ghana,BankAccount,GHS,C2C,0,100000,2,0.01,"[[""lastname"", ""firstname"", ""country_iso_code""]]","[[""lastname"", ""firstname""]]","[[""bank_account_number""]]",1,1,"[[""bank_account_number""]]","[[""bank_account_number""]]",,
1806,Agricultural Development Bank,Ghana,BankAccount,GHS,B2B,0,100000,2,0.01,"[[""registered_name"", ""country_iso_code""]]","[[""registered_name""]]","[[""bank_account_number""]]",1,1,[[]],[[]],,"[[""invoice""]]"
2585,Barclays Bank,Ghana,BankAccount,GHS,B2B,0,,2,0.01,"[[""registered_name"", ""country_iso_code""]]","[[""registered_name""]]","[[""bank_account_number""]]",1,1,,,,"[[""invoice""]]"
2585,Barclays Bank,Ghana,BankAccount,GHS,C2C,0,999999,2,0.01,"[[""lastname"", ""firstname"", ""country_iso_code""]]","[[""lastname"", ""firstname""]]","[[""bank_account_number""]]",1,1,"[[""bank_account_number""]]","[[""bank_account_number""]]",,
1670,Cal Bank,Ghana,BankAccount,GHS,B2B,0,100000,2,0.01,"[[""registered_name"", ""country_iso_code""]]","[[""registered_name""]]","[[""bank_account_number""]]",1,1,[[]],[[]],,"[[""invoice""]]"
1670,Cal Bank,Ghana,BankAccount,GHS,C2C,0,100000,2,0.01,"[[""lastname"", ""firstname"", ""country_iso_code""]]","[[""lastname"", ""firstname""]]","[[""bank_account_number""]]",1,1,"[[""bank_account_number""]]","[[""bank_account_number""]]",,
2908,Consolidated Bank Ghana Limited (CBG),Ghana,BankAccount,GHS,B2B,0,100000,2,0.01,"[[""registered_name"", ""country_iso_code""]]","[[""registered_name""]]","[[""bank_account_number""]]",1,1,,,,"[[""invoice""]]"
2908,Consolidated Bank Ghana Limited (CBG),Ghana,BankAccount,GHS,C2C,0,100000,2,0.01,"[[""lastname"", ""firstname"", ""country_iso_code""]]","[[""lastname"", ""firstname""]]","[[""bank_account_number""]]",1,1,,,,
1246,Ecobank,Ghana,BankAccount,GHS,B2B,0,100000,2,0.01,"[[""registered_name"", ""country_iso_code""]]","[[""registered_name""]]","[[""bank_account_number""]]",1,1,[[]],[[]],,"[[""invoice""]]"
1246,Ecobank,Ghana,BankAccount,GHS,C2C,0,100000,2,0.01,"[[""lastname"", ""firstname"", ""country_iso_code""]]","[[""lastname"", ""firstname""]]","[[""bank_account_number""]]",1,1,"[[""bank_account_number""]]","[[""bank_account_number""]]",,
2587,Fidelity Bank,Ghana,BankAccount,GHS,C2C,0,100000,2,0.01,"[[""lastname"", ""firstname"", ""country_iso_code""]]","[[""lastname"", ""firstname""]]","[[""bank_account_number""]]",1,1,"[[""bank_account_number""]]","[[""bank_account_number""]]",,
2587,Fidelity Bank,Ghana,BankAccount,GHS,B2B,0,100000,2,0.01,"[[""registered_name"", ""country_iso_code""]]","[[""registered_name""]]","[[""bank_account_number""]]",1,1,[[]],[[]],,"[[""invoice""]]"
2907,First Atlantic Bank Ltd,Ghana,BankAccount,GHS,C2C,0,100000,2,0.01,"[[""lastname"", ""firstname"", ""country_iso_code""]]","[[""lastname"", ""firstname""]]","[[""bank_account_number""]]",1,1,,,,
2907,First Atlantic Bank Ltd,Ghana,BankAccount,GHS,B2B,0,100000,2,0.01,"[[""registered_name"", ""country_iso_code""]]","[[""registered_name""]]","[[""bank_account_number""]]",1,1,,,,"[[""invoice""]]"
1674,First National Bank,Ghana,BankAccount,GHS,C2C,0,100000,2,0.01,"[[""lastname"", ""firstname"", ""country_iso_code""]]","[[""lastname"", ""firstname""]]","[[""bank_account_number""]]",1,1,"[[""bank_account_number""]]","[[""bank_account_number""]]",,
1674,First National Bank,Ghana,BankAccount,GHS,B2B,0,100000,2,0.01,"[[""registered_name"", ""country_iso_code""]]","[[""registered_name""]]","[[""bank_account_number""]]",1,1,[[]],[[]],,"[[""invoice""]]"
1243,Gcb Bank Ltd,Ghana,BankAccount,GHS,C2C,0,100000,2,0.01,"[[""lastname"", ""firstname"", ""country_iso_code""]]","[[""lastname"", ""firstname""]]","[[""bank_account_number""]]",1,1,"[[""bank_account_number""]]","[[""bank_account_number""]]",,
1243,Gcb Bank Ltd,Ghana,BankAccount,GHS,B2B,0,100000,2,0.01,"[[""registered_name"", ""country_iso_code""]]","[[""registered_name""]]","[[""bank_account_number""]]",1,1,[[]],[[]],,"[[""invoice""]]"
1675,Guaranty Trust Bank,Ghana,BankAccount,GHS,C2C,0,100000,2,0.01,"[[""lastname"", ""firstname"", ""country_iso_code""]]","[[""lastname"", ""firstname""]]","[[""bank_account_number""]]",1,1,"[[""bank_account_number""]]","[[""bank_account_number""]]",,
1675,Guaranty Trust Bank,Ghana,BankAccount,GHS,B2B,0,100000,2,0.01,"[[""registered_name"", ""country_iso_code""]]","[[""registered_name""]]","[[""bank_account_number""]]",1,1,[[]],[[]],,"[[""invoice""]]"
1676,National Investment Bank,Ghana,BankAccount,GHS,C2C,0,100000,2,0.01,"[[""lastname"", ""firstname"", ""country_iso_code""]]","[[""lastname"", ""firstname""]]","[[""bank_account_number""]]",1,1,"[[""bank_account_number""]]","[[""bank_account_number""]]",,
1676,National Investment Bank,Ghana,BankAccount,GHS,B2B,0,100000,2,0.01,"[[""registered_name"", ""country_iso_code""]]","[[""registered_name""]]","[[""bank_account_number""]]",1,1,[[]],[[]],,"[[""invoice""]]"
2590,Prudential Bank,Ghana,BankAccount,GHS,B2B,0,100000,2,0.01,"[[""registered_name"", ""country_iso_code""]]","[[""registered_name""]]","[[""bank_account_number""]]",1,1,[[]],[[]],,"[[""invoice""]]"
2590,Prudential Bank,Ghana,BankAccount,GHS,C2C,0,100000,2,0.01,"[[""lastname"", ""firstname"", ""country_iso_code""]]","[[""lastname"", ""firstname""]]","[[""bank_account_number""]]",1,1,"[[""bank_account_number""]]","[[""bank_account_number""]]",,
1244,Republic Bank Ghana,Ghana,BankAccount,GHS,C2C,0,100000,2,0.01,"[[""lastname"", ""firstname"", ""country_iso_code""]]","[[""lastname"", ""firstname""]]","[[""bank_account_number""]]",1,1,"[[""bank_account_number""]]","[[""bank_account_number""]]",,
1244,Republic Bank Ghana,Ghana,BankAccount,GHS,B2B,0,100000,2,0.01,"[[""registered_name"", ""country_iso_code""]]","[[""registered_name""]]","[[""bank_account_number""]]",1,1,[[]],[[]],,"[[""invoice""]]"
1678,Stanbic Bank,Ghana,BankAccount,GHS,C2C,0,100000,2,0.01,"[[""lastname"", ""firstname"", ""country_iso_code""]]","[[""lastname"", ""firstname""]]","[[""bank_account_number""]]",1,1,"[[""bank_account_number""]]","[[""bank_account_number""]]",,
1678,Stanbic Bank,Ghana,BankAccount,GHS,B2B,0,100000,2,0.01,"[[""registered_name"", ""country_iso_code""]]","[[""registered_name""]]","[[""bank_account_number""]]",1,1,[[]],[[]],,"[[""invoice""]]"
1242,Standard Chartered Bank,Ghana,BankAccount,GHS,B2B,0,100000,2,0.01,"[[""registered_name"", ""country_iso_code""]]","[[""registered_name""]]","[[""bank_account_number""]]",1,1,[[]],[[]],,"[[""invoice""]]"
1242,Standard Chartered Bank,Ghana,BankAccount,GHS,C2C,0,100000,2,0.01,"[[""lastname"", ""firstname"", ""country_iso_code""]]","[[""lastname"", ""firstname""]]","[[""bank_account_number""]]",1,1,"[[""bank_account_number""]]","[[""bank_account_number""]]",,
1679,United Bank for Africa,Ghana,BankAccount,GHS,C2C,0,100000,2,0.01,"[[""lastname"", ""firstname"", ""country_iso_code""]]","[[""lastname"", ""firstname""]]","[[""bank_account_number""]]",1,1,"[[""bank_account_number""]]","[[""bank_account_number""]]",,
1679,United Bank for Africa,Ghana,BankAccount,GHS,B2B,0,100000,2,0.01,"[[""registered_name"", ""country_iso_code""]]","[[""registered_name""]]","[[""bank_account_number""]]",1,1,[[]],[[]],,"[[""invoice""]]"
1680,Universal Merchant Bank,Ghana,BankAccount,GHS,C2C,0,100000,2,0.01,"[[""lastname"", ""firstname"", ""country_iso_code""]]","[[""lastname"", ""firstname""]]","[[""bank_account_number""]]",1,1,"[[""bank_account_number""]]","[[""bank_account_number""]]",,
1680,Universal Merchant Bank,Ghana,BankAccount,GHS,B2B,0,100000,2,0.01,"[[""registered_name"", ""country_iso_code""]]","[[""registered_name""]]","[[""bank_account_number""]]",1,1,[[]],[[]],,"[[""invoice""]]"
1245,Zenith Bank,Ghana,BankAccount,GHS,C2C,0,100000,2,0.01,"[[""lastname"", ""firstname"", ""country_iso_code""]]","[[""lastname"", ""firstname""]]","[[""bank_account_number""]]",1,1,"[[""bank_account_number""]]","[[""bank_account_number""]]",,
1245,Zenith Bank,Ghana,BankAccount,GHS,B2B,0,100000,2,0.01,"[[""registered_name"", ""country_iso_code""]]","[[""registered_name""]]","[[""bank_account_number""]]",1,1,[[]],[[]],,"[[""invoice""]]"
36,Airtel Money,Ghana,MobileWallet,GHS,C2C,1,25000,2,0.01,"[[""lastname"", ""firstname"", ""country_iso_code""]]","[[""lastname"", ""firstname""]]","[[""msisdn""]]",1,1,"[[""msisdn""]]","[[""msisdn""]]",,
37,MTN Mobile Money,Ghana,MobileWallet,GHS,C2C,1,25000,2,0.01,"[[""lastname"", ""firstname"", ""country_iso_code""]]","[[""lastname"", ""firstname""]]","[[""msisdn""]]",1,1,"[[""msisdn""]]","[[""msisdn""]]",,
1399,Vodafone Money,Ghana,MobileWallet,GHS,C2C,1,25000,2,0.01,"[[""lastname"", ""firstname"", ""country_iso_code""]]","[[""lastname"", ""firstname""]]","[[""msisdn""]]",1,1,"[[""msisdn""]]","[[""msisdn""]]",,
1541,Major Banks Bissau Guinea,Guinea-Bissau,BankAccount,XOF,C2C,0,1000000,0,1,"[[""lastname"", ""firstname"", ""country_iso_code""]]","[[""lastname"", ""firstname"", ""country_iso_code""]]","[[""iban""]]",1,1,,,,
1541,Major Banks Bissau Guinea,Guinea-Bissau,BankAccount,XOF,B2B,0,1000000,0,1,"[[""registered_name"", ""country_iso_code""]]","[[""registered_name"", ""country_iso_code""]]","[[""iban""]]",1,1,,,,"[[""invoice""]]"
3159,India Universal CashPick-up,India,CashPickup,INR,C2C,80,180000,0,1,"[[""lastname"", ""firstname"", ""date_of_birth"", ""country_iso_code"", ""beneficiary_relationship""]]","[[""lastname"", ""firstname"", ""msisdn""]]",,1,1,,,,
1508,ABSA Bank,Kenya,BankAccount,KES,C2C,10,1032500,2,0.01,"[[""lastname"", ""firstname"", ""country_iso_code""]]","[[""lastname"", ""firstname""]]","[[""bank_account_number""]]",1,1,,,,
1491,African Banking Corp. Bank Ltd,Kenya,BankAccount,KES,C2C,10,1032500,2,0.01,"[[""lastname"", ""firstname"", ""country_iso_code""]]","[[""lastname"", ""firstname""]]","[[""bank_account_number""]]",1,1,,,,
1497,Bank of  Africa Kenya Limited,Kenya,BankAccount,KES,C2C,10,1032500,2,0.01,"[[""lastname"", ""firstname"", ""country_iso_code""]]","[[""lastname"", ""firstname""]]","[[""bank_account_number""]]",1,1,,,,
1506,Bank of Baroda (Kenya Limited),Kenya,BankAccount,KES,C2C,10,1032500,2,0.01,"[[""lastname"", ""firstname"", ""country_iso_code""]]","[[""lastname"", ""firstname""]]","[[""bank_account_number""]]",1,1,,,,
1507,Bank of India,Kenya,BankAccount,KES,C2C,10,1032500,2,0.01,"[[""lastname"", ""firstname"", ""country_iso_code""]]","[[""lastname"", ""firstname""]]","[[""bank_account_number""]]",1,1,,,,
1504,Central Bank of  Kenya,Kenya,BankAccount,KES,C2C,10,1032500,2,0.01,"[[""lastname"", ""firstname"", ""country_iso_code""]]","[[""lastname"", ""firstname""]]","[[""bank_account_number""]]",1,1,,,,
1500,Citibank N A,Kenya,BankAccount,KES,C2C,10,1032500,2,0.01,"[[""lastname"", ""firstname"", ""country_iso_code""]]","[[""lastname"", ""firstname""]]","[[""bank_account_number""]]",1,1,,,,
1496,Consolidated Bank of Kenya Limited,Kenya,BankAccount,KES,C2C,10,1032500,2,0.01,"[[""lastname"", ""firstname"", ""country_iso_code""]]","[[""lastname"", ""firstname""]]","[[""bank_account_number""]]",1,1,,,,
1503,Co-operative Bank of Kenya Limited,Kenya,BankAccount,KES,C2C,10,1032500,2,0.01,"[[""lastname"", ""firstname"", ""country_iso_code""]]","[[""lastname"", ""firstname""]]","[[""bank_account_number""]]",1,1,,,,
1495,Credit Bank Limited,Kenya,BankAccount,KES,C2C,10,1032500,2,0.01,"[[""lastname"", ""firstname"", ""country_iso_code""]]","[[""lastname"", ""firstname""]]","[[""bank_account_number""]]",1,1,,,,
1485,Development Bank of Kenya Limited,Kenya,BankAccount,KES,C2C,10,1032500,2,0.01,"[[""lastname"", ""firstname"", ""country_iso_code""]]","[[""lastname"", ""firstname""]]","[[""bank_account_number""]]",1,1,,,,
1482,Diamond Trust Bank Limited,Kenya,BankAccount,KES,C2C,10,1032500,2,0.01,"[[""lastname"", ""firstname"", ""country_iso_code""]]","[[""lastname"", ""firstname""]]","[[""bank_account_number""]]",1,1,,,,
2842,DIB Bank Kenya Limited,Kenya,BankAccount,KES,C2C,0,,2,0.01,"[[""lastname"", ""firstname""]]","[[""lastname"", ""firstname""]]","[[""bank_account_number""]]",1,1,,,,
1689,Dubai Bank Kenya Limited,Kenya,BankAccount,KES,C2C,10,1032500,2,0.01,"[[""lastname"", ""firstname"", ""country_iso_code""]]","[[""lastname"", ""firstname""]]","[[""bank_account_number""]]",1,1,,,,
1514,ECO Bank Limited,Kenya,BankAccount,KES,C2C,10,1032500,2,0.01,"[[""lastname"", ""firstname"", ""country_iso_code""]]","[[""lastname"", ""firstname""]]","[[""bank_account_number""]]",1,1,,,,
1480,Equity Bank Limited,Kenya,BankAccount,KES,C2C,10,1032500,2,0.01,"[[""lastname"", ""firstname"", ""country_iso_code""]]","[[""lastname"", ""firstname""]]","[[""bank_account_number""]]",1,1,,,,
1479,Family Bank Ltd,Kenya,BankAccount,KES,C2C,10,1032500,2,0.01,"[[""lastname"", ""firstname"", ""country_iso_code""]]","[[""lastname"", ""firstname""]]","[[""bank_account_number""]]",1,1,,,,
1477,First Community Bank,Kenya,BankAccount,KES,C2C,10,1032500,2,0.01,"[[""lastname"", ""firstname"", ""country_iso_code""]]","[[""lastname"", ""firstname""]]","[[""bank_account_number""]]",1,1,,,,
1515,Giro Commercial Bank Limited,Kenya,BankAccount,KES,C2C,10,1032500,2,0.01,"[[""lastname"", ""firstname"", ""country_iso_code""]]","[[""lastname"", ""firstname""]]","[[""bank_account_number""]]",1,1,,,,
1510,Guaranty Trust Bank ( Kenya) Ltd.,Kenya,BankAccount,KES,C2C,10,1032500,2,0.01,"[[""lastname"", ""firstname"", ""country_iso_code""]]","[[""lastname"", ""firstname""]]","[[""bank_account_number""]]",1,1,,,,
1487,Guardian Bank Limited,Kenya,BankAccount,KES,C2C,10,1032500,2,0.01,"[[""lastname"", ""firstname"", ""country_iso_code""]]","[[""lastname"", ""firstname""]]","[[""bank_account_number""]]",1,1,,,,
1478,Gulf African Bank Ltd,Kenya,BankAccount,KES,C2C,10,1032500,2,0.01,"[[""lastname"", ""firstname"", ""country_iso_code""]]","[[""lastname"", ""firstname""]]","[[""bank_account_number""]]",1,1,[],[],[],
1499,Habib Bank A G  Zurich,Kenya,BankAccount,KES,C2C,10,1032500,2,0.01,"[[""lastname"", ""firstname"", ""country_iso_code""]]","[[""lastname"", ""firstname""]]","[[""bank_account_number""]]",1,1,,,,
1505,Habib Bank Limited,Kenya,BankAccount,KES,C2C,10,1032500,2,0.01,"[[""lastname"", ""firstname"", ""country_iso_code""]]","[[""lastname"", ""firstname""]]","[[""bank_account_number""]]",1,1,,,,
1483,Housing Finance Bank,Kenya,BankAccount,KES,C2C,10,1032500,2,0.01,"[[""lastname"", ""firstname"", ""country_iso_code""]]","[[""lastname"", ""firstname""]]","[[""bank_account_number""]]",1,1,,,,
1486,I&M Bank Limited,Kenya,BankAccount,KES,C2C,10,1032500,2,0.01,"[[""lastname"", ""firstname"", ""country_iso_code""]]","[[""lastname"", ""firstname""]]","[[""bank_account_number""]]",1,1,,,,
1490,Imperial Bank Limited,Kenya,BankAccount,KES,C2C,10,1032500,2,0.01,"[[""lastname"", ""firstname"", ""country_iso_code""]]","[[""lastname"", ""firstname""]]","[[""bank_account_number""]]",1,1,,,,
1511,Jamii Bora Bank,Kenya,BankAccount,KES,C2C,10,1032500,2,0.01,"[[""lastname"", ""firstname"", ""country_iso_code""]]","[[""lastname"", ""firstname""]]","[[""bank_account_number""]]",1,1,,,,
1247,Kenya Commercial Bank Limited,Kenya,BankAccount,KES,C2C,10,1043300,2,0.01,"[[""lastname"", ""firstname"", ""country_iso_code""]]","[[""lastname"", ""firstname""]]","[[""bank_account_number""]]",1,1,"[[""bank_account_number""]]","[[""bank_account_number""]]",,
1475,KENYA WOMEN MICROFINANCE BANK LT,Kenya,BankAccount,KES,C2C,10,1032500,2,0.01,"[[""lastname"", ""firstname"", ""country_iso_code""]]","[[""lastname"", ""firstname""]]","[[""bank_account_number""]]",1,1,,,,
1498,Middle East Bank Kenya Limited,Kenya,BankAccount,KES,C2C,10,1032500,2,0.01,"[[""lastname"", ""firstname"", ""country_iso_code""]]","[[""lastname"", ""firstname""]]","[[""bank_account_number""]]",1,1,,,,
1501,M-Oriental Bank Limited,Kenya,BankAccount,KES,C2C,10,1032500,2,0.01,"[[""lastname"", ""firstname"", ""country_iso_code""]]","[[""lastname"", ""firstname""]]","[[""bank_account_number""]]",1,1,,,,
1502,National Bank of Kenya Limited,Kenya,BankAccount,KES,C2C,10,1032500,2,0.01,"[[""lastname"", ""firstname"", ""country_iso_code""]]","[[""lastname"", ""firstname""]]","[[""bank_account_number""]]",1,1,,,,
1249,NCBA Bank Kenya,Kenya,BankAccount,KES,C2C,10,1032500,2,0.01,"[[""lastname"", ""firstname"", ""country_iso_code""]]","[[""lastname"", ""firstname""]]","[[""bank_account_number""]]",1,1,,,,
1489,NIC Bank Limited,Kenya,BankAccount,KES,C2C,10,1032500,2,0.01,"[[""lastname"", ""firstname"", ""country_iso_code""]]","[[""lastname"", ""firstname""]]","[[""bank_account_number""]]",1,1,,,,
1512,Paramount Universal Bank Limited,Kenya,BankAccount,KES,C2C,10,1032500,2,0.01,"[[""lastname"", ""firstname"", ""country_iso_code""]]","[[""lastname"", ""firstname""]]","[[""bank_account_number""]]",1,1,,,,
1248,Prime Bank Limited,Kenya,BankAccount,KES,C2C,10,1032500,2,0.01,"[[""lastname"", ""firstname"", ""country_iso_code""]]","[[""lastname"", ""firstname""]]","[[""bank_account_number""]]",1,1,,,,
2826,SBM Bank Ltd.,Kenya,BankAccount,KES,C2C,0,,2,0.01,"[[""lastname"", ""firstname""]]","[[""lastname"", ""firstname""]]","[[""bank_account_number""]]",1,1,,,,
1481,Sidian Bank Limited,Kenya,BankAccount,KES,C2C,10,1032500,2,0.01,"[[""lastname"", ""firstname"", ""country_iso_code""]]","[[""lastname"", ""firstname""]]","[[""bank_account_number""]]",1,1,,,,
1513,Spire Bank Ltd,Kenya,BankAccount,KES,C2C,10,1032500,2,0.01,"[[""lastname"", ""firstname"", ""country_iso_code""]]","[[""lastname"", ""firstname""]]","[[""bank_account_number""]]",1,1,,,,
1492,Stanbic Bank Kenya Limited,Kenya,BankAccount,KES,C2C,10,1032500,2,0.01,"[[""lastname"", ""firstname"", ""country_iso_code""]]","[[""lastname"", ""firstname""]]","[[""bank_account_number""]]",1,1,,,,
1509,Standard Chartered Bank Kenya Limited,Kenya,BankAccount,KES,C2C,10,1032500,2,0.01,"[[""lastname"", ""firstname"", ""country_iso_code""]]","[[""lastname"", ""firstname""]]","[[""bank_account_number""]]",1,1,,,,
1494,Trans-National Bank Limited,Kenya,BankAccount,KES,C2C,10,1032500,2,0.01,"[[""lastname"", ""firstname"", ""country_iso_code""]]","[[""lastname"", ""firstname""]]","[[""bank_account_number""]]",1,1,,,,
1476,UBA Kenya Bank Ltd,Kenya,BankAccount,KES,C2C,10,1032500,2,0.01,"[[""lastname"", ""firstname"", ""country_iso_code""]]","[[""lastname"", ""firstname""]]","[[""bank_account_number""]]",1,1,,,,
1488,Victoria Commercial Bank Limited,Kenya,BankAccount,KES,C2C,10,1032500,2,0.01,"[[""lastname"", ""firstname"", ""country_iso_code""]]","[[""lastname"", ""firstname""]]","[[""bank_account_number""]]",1,1,,,,
1466,Airtel Money,Kenya,MobileWallet,KES,C2C,10,250000,0,1,"[[""lastname""]]","[[""lastname""]]","[[""msisdn""]]",1,1,"[[""msisdn""]]","[[""msisdn""]]",,
369,M-Pesa,Kenya,MobileWallet,KES,C2C,10,250000,0,1,"[[""lastname"", ""firstname""]]","[[""lastname""]]","[[""msisdn""]]",1,1,"[[""msisdn""]]","[[""msisdn""]]",,
405,Airtel Money,Malawi,MobileWallet,MWK,C2C,0,750000,0,1,"[[""lastname""]]","[[""lastname""]]","[[""msisdn""]]",1,1,"[[""msisdn""]]","[[""msisdn""]]",,
1447,Major Banks Mali,Mali,BankAccount,XOF,C2C,0,1000000,0,1,"[[""lastname"", ""firstname"", ""country_iso_code""]]","[[""lastname"", ""firstname"", ""country_iso_code""]]","[[""iban""]]",1,1,,,,
1447,Major Banks Mali,Mali,BankAccount,XOF,B2B,0,1000000,0,1,"[[""registered_name"", ""country_iso_code""]]","[[""registered_name"", ""country_iso_code""]]","[[""iban""]]",1,1,,,,"[[""invoice""]]"
1448,Major Banks Niger,Niger,BankAccount,XOF,C2C,0,1000000,0,1,"[[""lastname"", ""firstname"", ""country_iso_code""]]","[[""lastname"", ""firstname"", ""country_iso_code""]]","[[""iban""]]",1,1,,,,
1448,Major Banks Niger,Niger,BankAccount,XOF,B2B,0,1000000,0,1,"[[""registered_name"", ""country_iso_code""]]","[[""registered_name"", ""country_iso_code""]]","[[""iban""]]",1,1,,,,"[[""invoice""]]"
3463,Nigeria Universal CashPick-up,Nigeria,CashPickup,USD,C2C,10,10000,0,1,"[[""lastname"", ""firstname""]]","[[""lastname"", ""firstname""]]","[[""msisdn""]]",1,1,,,,
80,Paga Wallet,Nigeria,MobileWallet,NGN,C2C,0,,2,0.01,,"[[""lastname"", ""firstname""]]","[[""msisdn""]]",1,1,,,,
34,VCash,Nigeria,MobileWallet,NGN,C2C,0,,2,0.01,"[[""lastname"", ""firstname""]]","[[""lastname"", ""firstname""]]","[[""msisdn""]]",1,1,,,,
2909,Airtel Money,Rwanda,MobileWallet,RWF,C2C,0,,0,1,"[[""lastname"", ""firstname""]]","[[""lastname"", ""firstname""]]","[[""msisdn""]]",1,1,"[[""msisdn""]]",,,
2286,MTN Mobile Money,Rwanda,MobileWallet,RWF,C2C,0,,0,1,"[[""lastname"", ""firstname""]]","[[""lastname"", ""firstname""]]","[[""msisdn""]]",1,1,"[[""msisdn""]]","[[""msisdn""]]",,
4001,ALAWWAL INVEST,Saudi Arabia,BankAccount,SAR,C2C,0,,2,0.01,"[[""lastname"", ""firstname"", ""address"", ""country_iso_code""]]","[[""lastname"", ""firstname"", ""address"", ""country_iso_code"", ""id_number""]]","[[""iban""]]",1,1,,,,
3976,AL INMA BANK,Saudi Arabia,BankAccount,SAR,C2C,0,,2,0.01,"[[""lastname"", ""firstname"", ""address"", ""country_iso_code""]]","[[""lastname"", ""firstname"", ""address"", ""country_iso_code"", ""id_number""]]","[[""iban""]]",1,1,,,,
3977,AL RAJHI BANK,Saudi Arabia,BankAccount,SAR,C2C,0,,2,0.01,"[[""lastname"", ""firstname"", ""address"", ""country_iso_code""]]","[[""lastname"", ""firstname"", ""address"", ""country_iso_code"", ""id_number""]]","[[""iban""]]",1,1,,,,
3978,ARAB NATIONAL BANK,Saudi Arabia,BankAccount,SAR,C2C,0,,2,0.01,"[[""lastname"", ""firstname"", ""address"", ""country_iso_code""]]","[[""lastname"", ""firstname"", ""address"", ""country_iso_code"", ""id_number""]]","[[""iban""]]",1,1,,,,
3979,ARAB PETROLEM INVESTMENTS CORPORATION,Saudi Arabia,BankAccount,SAR,C2C,0,,2,0.01,"[[""lastname"", ""firstname"", ""address"", ""country_iso_code""]]","[[""lastname"", ""firstname"", ""address"", ""country_iso_code"", ""id_number""]]","[[""iban""]]",1,1,,,,
3980,BANK AL BILAD,Saudi Arabia,BankAccount,SAR,C2C,0,,2,0.01,"[[""lastname"", ""firstname"", ""address"", ""country_iso_code""]]","[[""lastname"", ""firstname"", ""address"", ""country_iso_code"", ""id_number""]]","[[""iban""]]",1,1,,,,
3981,BANK AL-JAZIRA,Saudi Arabia,BankAccount,SAR,C2C,0,,2,0.01,"[[""lastname"", ""firstname"", ""address"", ""country_iso_code""]]","[[""lastname"", ""firstname"", ""address"", ""country_iso_code"", ""id_number""]]","[[""iban""]]",1,1,,,,
3982,BANKMUSCAT,Saudi Arabia,BankAccount,SAR,C2C,0,,2,0.01,"[[""lastname"", ""firstname"", ""address"", ""country_iso_code""]]","[[""lastname"", ""firstname"", ""address"", ""country_iso_code"", ""id_number""]]","[[""iban""]]",1,1,,,,
3983,BANQUE SAUDI FRANSI,Saudi Arabia,BankAccount,SAR,C2C,0,,2,0.01,"[[""lastname"", ""firstname"", ""address"", ""country_iso_code""]]","[[""lastname"", ""firstname"", ""address"", ""country_iso_code"", ""id_number""]]","[[""iban""]]",1,1,,,,
3984,BNP PARIBAS SAUDI ARABIA,Saudi Arabia,BankAccount,SAR,C2C,0,,2,0.01,"[[""lastname"", ""firstname"", ""address"", ""country_iso_code""]]","[[""lastname"", ""firstname"", ""address"", ""country_iso_code"", ""id_number""]]","[[""iban""]]",1,1,,,,
4651,"CREDIT SUISSE AG, RIYADH BRANCH",Saudi Arabia,BankAccount,SAR,C2C,0,,2,0.01,"[[""lastname"", ""firstname"", ""address"", ""country_iso_code""]]","[[""lastname"", ""firstname"", ""address"", ""country_iso_code"", ""id_number""]]","[[""iban""]]",1,1,,,,
4652,CREDIT SUISSE SAUDI ARABIA,Saudi Arabia,BankAccount,SAR,C2C,0,,2,0.01,"[[""lastname"", ""firstname"", ""address"", ""country_iso_code""]]","[[""lastname"", ""firstname"", ""address"", ""country_iso_code"", ""id_number""]]","[[""iban""]]",1,1,,,,
3985,"DEUTSCHE BANK AG, RIYADH BRANCH",Saudi Arabia,BankAccount,SAR,C2C,0,,2,0.01,"[[""lastname"", ""firstname"", ""address"", ""country_iso_code""]]","[[""lastname"", ""firstname"", ""address"", ""country_iso_code"", ""id_number""]]","[[""iban""]]",1,1,,,,
4653,EMIRATES NBD PJSC,Saudi Arabia,BankAccount,SAR,C2C,0,,2,0.01,"[[""lastname"", ""firstname"", ""address"", ""country_iso_code""]]","[[""lastname"", ""firstname"", ""address"", ""country_iso_code"", ""id_number""]]","[[""iban""]]",1,1,,,,
4654,FIRST ABU DHABI BANK,Saudi Arabia,BankAccount,SAR,C2C,0,,2,0.01,"[[""lastname"", ""firstname"", ""address"", ""country_iso_code""]]","[[""lastname"", ""firstname"", ""address"", ""country_iso_code"", ""id_number""]]","[[""iban""]]",1,1,,,,
3987,"GULF INTERNATIONAL BANK B.S.C., RIYADH",Saudi Arabia,BankAccount,SAR,C2C,0,,2,0.01,"[[""lastname"", ""firstname"", ""address"", ""country_iso_code""]]","[[""lastname"", ""firstname"", ""address"", ""country_iso_code"", ""id_number""]]","[[""iban""]]",1,1,,,,
4655,"INDUSTRIAL AND COMMERCIAL BANK OF CHINA RIYADH BRANCH, SA",Saudi Arabia,BankAccount,SAR,C2C,0,,2,0.01,"[[""lastname"", ""firstname"", ""address"", ""country_iso_code""]]","[[""lastname"", ""firstname"", ""address"", ""country_iso_code"", ""id_number""]]","[[""iban""]]",1,1,,,,
3988,ISLAMIC DEVELOPMENT BANK,Saudi Arabia,BankAccount,SAR,C2C,0,,2,0.01,"[[""lastname"", ""firstname"", ""address"", ""country_iso_code""]]","[[""lastname"", ""firstname"", ""address"", ""country_iso_code"", ""id_number""]]","[[""iban""]]",1,1,,,,
4656,"JPMORGAN CHASE BANK, N.A. RIYADH",Saudi Arabia,BankAccount,SAR,C2C,0,,2,0.01,"[[""lastname"", ""firstname"", ""address"", ""country_iso_code""]]","[[""lastname"", ""firstname"", ""address"", ""country_iso_code"", ""id_number""]]","[[""iban""]]",1,1,,,,
4657,MORGAN STANLEY SAUDI ARABIA,Saudi Arabia,BankAccount,SAR,C2C,0,,2,0.01,"[[""lastname"", ""firstname"", ""address"", ""country_iso_code""]]","[[""lastname"", ""firstname"", ""address"", ""country_iso_code"", ""id_number""]]","[[""iban""]]",1,1,,,,
4658,"MUFG BANK, LTD. RIYADH BRANCH",Saudi Arabia,BankAccount,SAR,C2C,0,,2,0.01,"[[""lastname"", ""firstname"", ""address"", ""country_iso_code""]]","[[""lastname"", ""firstname"", ""address"", ""country_iso_code"", ""id_number""]]","[[""iban""]]",1,1,,,,
3989,NATIONAL BANK OF BAHRAIN,Saudi Arabia,BankAccount,SAR,C2C,0,,2,0.01,"[[""lastname"", ""firstname"", ""address"", ""country_iso_code""]]","[[""lastname"", ""firstname"", ""address"", ""country_iso_code"", ""id_number""]]","[[""iban""]]",1,1,,,,
3990,NATIONAL BANK OF KUWAIT,Saudi Arabia,BankAccount,SAR,C2C,0,,2,0.01,"[[""lastname"", ""firstname"", ""address"", ""country_iso_code""]]","[[""lastname"", ""firstname"", ""address"", ""country_iso_code"", ""id_number""]]","[[""iban""]]",1,1,,,,
4659,NATIONAL BANK OF PAKISTAN,Saudi Arabia,BankAccount,SAR,C2C,0,,2,0.01,"[[""lastname"", ""firstname"", ""address"", ""country_iso_code""]]","[[""lastname"", ""firstname"", ""address"", ""country_iso_code"", ""id_number""]]","[[""iban""]]",1,1,,,,
3991,"NATIONAL COMMERCIAL BANK, THE",Saudi Arabia,BankAccount,SAR,C2C,0,,2,0.01,"[[""lastname"", ""firstname"", ""address"", ""country_iso_code""]]","[[""lastname"", ""firstname"", ""address"", ""country_iso_code"", ""id_number""]]","[[""iban""]]",1,1,,,,
3992,NCB CAPITAL COMPANY,Saudi Arabia,BankAccount,SAR,C2C,0,,2,0.01,"[[""lastname"", ""firstname"", ""address"", ""country_iso_code""]]","[[""lastname"", ""firstname"", ""address"", ""country_iso_code"", ""id_number""]]","[[""iban""]]",1,1,,,,
4660,QATAR NATIONAL BANK,Saudi Arabia,BankAccount,SAR,C2C,0,,2,0.01,"[[""lastname"", ""firstname"", ""address"", ""country_iso_code""]]","[[""lastname"", ""firstname"", ""address"", ""country_iso_code"", ""id_number""]]","[[""iban""]]",1,1,,,,
3993,RIYAD BANK,Saudi Arabia,BankAccount,SAR,C2C,0,,2,0.01,"[[""lastname"", ""firstname"", ""address"", ""country_iso_code""]]","[[""lastname"", ""firstname"", ""address"", ""country_iso_code"", ""id_number""]]","[[""iban""]]",1,1,,,,
3994,SAAD TRADING CONTRACTING AND FINANCIAL SERVICES CO.,Saudi Arabia,BankAccount,SAR,C2C,0,,2,0.01,"[[""lastname"", ""firstname"", ""address"", ""country_iso_code""]]","[[""lastname"", ""firstname"", ""address"", ""country_iso_code"", ""id_number""]]","[[""iban""]]",1,1,,,,
3995,SAMBA FINANCIAL GROUP,Saudi Arabia,BankAccount,SAR,C2C,0,,2,0.01,"[[""lastname"", ""firstname"", ""address"", ""country_iso_code""]]","[[""lastname"", ""firstname"", ""address"", ""country_iso_code"", ""id_number""]]","[[""iban""]]",1,1,,,,
3996,SAUDI ARABIAN MONETARY AGENCY,Saudi Arabia,BankAccount,SAR,C2C,0,,2,0.01,"[[""lastname"", ""firstname"", ""address"", ""country_iso_code""]]","[[""lastname"", ""firstname"", ""address"", ""country_iso_code"", ""id_number""]]","[[""iban""]]",1,1,,,,
3997,SAUDI ARAMCO,Saudi Arabia,BankAccount,SAR,C2C,0,,2,0.01,"[[""lastname"", ""firstname"", ""address"", ""country_iso_code""]]","[[""lastname"", ""firstname"", ""address"", ""country_iso_code"", ""id_number""]]","[[""iban""]]",1,1,,,,
3998,"SAUDI BRITISH BANK, THE",Saudi Arabia,BankAccount,SAR,C2C,0,,2,0.01,"[[""lastname"", ""firstname"", ""address"", ""country_iso_code""]]","[[""lastname"", ""firstname"", ""address"", ""country_iso_code"", ""id_number""]]","[[""iban""]]",1,1,,,,
3999,SAUDI HOLLANDI BANK,Saudi Arabia,BankAccount,SAR,C2C,0,,2,0.01,"[[""lastname"", ""firstname"", ""address"", ""country_iso_code""]]","[[""lastname"", ""firstname"", ""address"", ""country_iso_code"", ""id_number""]]","[[""iban""]]",1,1,,,,
4002,SHUAA CAPITAL SAUDI ARABIA,Saudi Arabia,BankAccount,SAR,C2C,0,,2,0.01,"[[""lastname"", ""firstname"", ""address"", ""country_iso_code""]]","[[""lastname"", ""firstname"", ""address"", ""country_iso_code"", ""id_number""]]","[[""iban""]]",1,1,,,,
4661,STANDARD CHARTERED BANK BRANCH,Saudi Arabia,BankAccount,SAR,C2C,0,,2,0.01,"[[""lastname"", ""firstname"", ""address"", ""country_iso_code""]]","[[""lastname"", ""firstname"", ""address"", ""country_iso_code"", ""id_number""]]","[[""iban""]]",1,1,,,,
4662,T.C. ZIRAAT BANKASI A.S.,Saudi Arabia,BankAccount,SAR,C2C,0,,2,0.01,"[[""lastname"", ""firstname"", ""address"", ""country_iso_code""]]","[[""lastname"", ""firstname"", ""address"", ""country_iso_code"", ""id_number""]]","[[""iban""]]",1,1,,,,
4003,THE SAUDI FUND FOR DEVELOPMENT,Saudi Arabia,BankAccount,SAR,C2C,0,,2,0.01,"[[""lastname"", ""firstname"", ""address"", ""country_iso_code""]]","[[""lastname"", ""firstname"", ""address"", ""country_iso_code"", ""id_number""]]","[[""iban""]]",1,1,,,,
1449,Major Banks Senegal,Senegal,BankAccount,XOF,B2B,0,1000000,0,1,"[[""registered_name"", ""country_iso_code""]]","[[""registered_name"", ""country_iso_code""]]","[[""iban""]]",1,1,,,,"[[""invoice""]]"
1449,Major Banks Senegal,Senegal,BankAccount,XOF,C2C,0,1000000,0,1,"[[""lastname"", ""firstname"", ""country_iso_code""]]","[[""lastname"", ""firstname"", ""country_iso_code""]]","[[""iban""]]",1,1,,,,
2016,eDahab,Somalia,MobileWallet,USD,C2C,0,,2,0.01,"[[""lastname"", ""firstname""]]","[[""lastname"", ""firstname"", ""msisdn""]]","[[""msisdn""]]",1,1,,,,
3055,ABSA Bank,South Africa,BankAccount,ZAR,C2C,200,300000,2,0.01,"[[""lastname"", ""firstname""], [""lastname"", ""firstname"", ""address""]]","[[""lastname"", ""firstname"", ""msisdn""], [""lastname"", ""firstname"", ""email""]]","[[""bank_account_number""]]",1,1,,,,
3057,African Bank,South Africa,BankAccount,ZAR,C2C,200,300000,2,0.01,"[[""lastname"", ""firstname""], [""lastname"", ""firstname"", ""address""]]","[[""lastname"", ""firstname"", ""msisdn""], [""lastname"", ""firstname"", ""email""]]","[[""bank_account_number""]]",1,1,,,,
3512,Bank of China,South Africa,BankAccount,ZAR,C2C,200,300000,2,0.01,"[[""lastname"", ""firstname""], [""lastname"", ""firstname"", ""address""]]","[[""lastname"", ""firstname"", ""msisdn""], [""lastname"", ""firstname"", ""email""]]","[[""bank_account_number""]]",1,1,,,,
3056,Bidvest Bank,South Africa,BankAccount,ZAR,C2C,200,300000,2,0.01,"[[""lastname"", ""firstname""], [""lastname"", ""firstname"", ""address""]]","[[""lastname"", ""firstname"", ""msisdn""], [""lastname"", ""firstname"", ""email""]]","[[""bank_account_number""]]",1,1,,,,
2283,Capitec Bank,South Africa,BankAccount,ZAR,C2C,200,300000,2,0.01,"[[""lastname"", ""firstname""], [""lastname"", ""firstname"", ""address""]]","[[""lastname"", ""firstname"", ""msisdn""], [""lastname"", ""firstname"", ""email""]]","[[""bank_account_number""]]",1,1,,,,
3513,China Construction Bank,South Africa,BankAccount,ZAR,C2C,200,300000,2,0.01,"[[""lastname"", ""firstname""], [""lastname"", ""firstname"", ""address""]]","[[""lastname"", ""firstname"", ""msisdn""], [""lastname"", ""firstname"", ""email""]]","[[""bank_account_number""]]",1,1,,,,
3060,Discovery Bank,South Africa,BankAccount,ZAR,C2C,200,300000,2,0.01,"[[""lastname"", ""firstname""], [""lastname"", ""firstname"", ""address""]]","[[""lastname"", ""firstname"", ""msisdn""], [""lastname"", ""firstname"", ""email""]]","[[""bank_account_number""]]",1,1,,,,
3514,Finbond Mutual Bank,South Africa,BankAccount,ZAR,C2C,200,300000,2,0.01,"[[""lastname"", ""firstname""], [""lastname"", ""firstname"", ""address""]]","[[""lastname"", ""firstname"", ""msisdn""], [""lastname"", ""firstname"", ""email""]]","[[""bank_account_number""]]",1,1,,,,
3054,First National Bank,South Africa,BankAccount,ZAR,C2C,200,300000,2,0.01,"[[""lastname"", ""firstname""], [""lastname"", ""firstname"", ""address""]]","[[""lastname"", ""firstname"", ""msisdn""], [""lastname"", ""firstname"", ""email""]]","[[""bank_account_number""]]",1,1,,,,
3052,Investec Bank,South Africa,BankAccount,ZAR,C2C,200,300000,2,0.01,"[[""lastname"", ""firstname""], [""lastname"", ""firstname"", ""address""]]","[[""lastname"", ""firstname"", ""msisdn""], [""lastname"", ""firstname"", ""email""]]","[[""bank_account_number""]]",1,1,,,,
3165,Merchantile Bank,South Africa,BankAccount,ZAR,C2C,200,300000,2,0.01,"[[""lastname"", ""firstname""], [""lastname"", ""firstname"", ""address""]]","[[""lastname"", ""firstname"", ""msisdn""], [""lastname"", ""firstname"", ""email""]]","[[""bank_account_number""]]",1,1,,,,
3051,Nedbank,South Africa,BankAccount,ZAR,C2C,200,300000,2,0.01,"[[""lastname"", ""firstname""], [""lastname"", ""firstname"", ""address""]]","[[""lastname"", ""firstname"", ""msisdn""], [""lastname"", ""firstname"", ""email""]]","[[""bank_account_number""]]",1,1,,,,
3059,Oldmutual Bank,South Africa,BankAccount,ZAR,C2C,200,300000,2,0.01,"[[""lastname"", ""firstname""], [""lastname"", ""firstname"", ""address""]]","[[""lastname"", ""firstname"", ""msisdn""], [""lastname"", ""firstname"", ""email""]]","[[""bank_account_number""]]",1,1,,,,
3516,Sasfin Bank,South Africa,BankAccount,ZAR,C2C,200,300000,2,0.01,"[[""lastname"", ""firstname""], [""lastname"", ""firstname"", ""address""]]","[[""lastname"", ""firstname"", ""msisdn""], [""lastname"", ""firstname"", ""email""]]","[[""bank_account_number""]]",1,1,,,,
3053,Standard Bank,South Africa,BankAccount,ZAR,C2C,200,300000,2,0.01,"[[""lastname"", ""firstname""], [""lastname"", ""firstname"", ""address""]]","[[""lastname"", ""firstname"", ""msisdn""], [""lastname"", ""firstname"", ""email""]]","[[""bank_account_number""]]",1,1,,,,
3058,Tyme Bank,South Africa,BankAccount,ZAR,C2C,200,300000,2,0.01,"[[""lastname"", ""firstname""], [""lastname"", ""firstname"", ""address""]]","[[""lastname"", ""firstname"", ""msisdn""], [""lastname"", ""firstname"", ""email""]]","[[""bank_account_number""]]",1,1,,,,
3515,UBank Ltd,South Africa,BankAccount,ZAR,C2C,200,300000,2,0.01,"[[""lastname"", ""firstname""], [""lastname"", ""firstname"", ""address""]]","[[""lastname"", ""firstname"", ""msisdn""], [""lastname"", ""firstname"", ""email""]]","[[""bank_account_number""]]",1,1,,,,
7,Airtel Money,"Tanzania, United Republic of",MobileWallet,TZS,C2C,1000,5000000,2,0.01,"[[""lastname""]]",,"[[""msisdn""]]",1,1,"[[""msisdn""]]","[[""msisdn""]]",,
9,M-Pesa,"Tanzania, United Republic of",MobileWallet,TZS,C2C,1000,5000000,0,1,,,"[[""msisdn""]]",1,1,"[[""msisdn""]]","[[""msisdn""]]",,
10,Tigo Pesa,"Tanzania, United Republic of",MobileWallet,TZS,C2C,1000,5000000,0,1,"[[""lastname"", ""firstname"", ""country_iso_code""]]",,"[[""msisdn""]]",1,1,"[[""msisdn""]]","[[""msisdn""]]",,
1450,Major Banks Togo,Togo,BankAccount,XOF,C2C,0,1000000,0,1,"[[""lastname"", ""firstname"", ""country_iso_code""]]","[[""lastname"", ""firstname"", ""country_iso_code""]]","[[""iban""]]",1,1,,,,
1450,Major Banks Togo,Togo,BankAccount,XOF,B2B,0,1000000,0,1,"[[""registered_name"", ""country_iso_code""]]","[[""registered_name"", ""country_iso_code""]]","[[""iban""]]",1,1,,,,"[[""invoice""]]"
494,Airtel Money,Uganda,MobileWallet,UGX,C2C,500,7000000,0,1,"[[""lastname"", ""firstname""]]","[[""lastname"", ""firstname""]]","[[""msisdn""]]",1,1,"[[""msisdn""]]","[[""msisdn""]]",,
495,MTN Mobile Money,Uganda,MobileWallet,UGX,C2C,500,7000000,0,1,"[[""lastname"", ""firstname""]]","[[""lastname"", ""firstname""]]","[[""msisdn""]]",1,1,"[[""msisdn""]]","[[""msisdn""]]",,
4005,ABU DHABI COMMERCIAL BANK,United Arab Emirates,BankAccount,AED,C2C,3.68,36720,2,0.01,"[[""lastname"", ""firstname"", ""date_of_birth"", ""address"", ""country_iso_code"", ""msisdn"", ""id_type"", ""id_number"", ""beneficiary_relationship"", ""source_of_funds""], [""lastname"", ""firstname"", ""address"", ""city"", ""country_iso_code""]]","[[""lastname"", ""firstname"", ""address"", ""country_iso_code"", ""msisdn"", ""id_type"", ""id_number"", ""id_expiration_date""], [""lastname"", ""firstname""]]","[[""iban""]]",1,1,,,,
4008,ABU DHABI ISLAMIC BANK,United Arab Emirates,BankAccount,AED,C2C,3.68,36720,2,0.01,"[[""lastname"", ""firstname"", ""date_of_birth"", ""address"", ""country_iso_code"", ""msisdn"", ""id_type"", ""id_number"", ""beneficiary_relationship"", ""source_of_funds""], [""lastname"", ""firstname"", ""address"", ""city"", ""country_iso_code""]]","[[""lastname"", ""firstname"", ""address"", ""country_iso_code"", ""msisdn"", ""id_type"", ""id_number"", ""id_expiration_date""], [""lastname"", ""firstname""]]","[[""iban""]]",1,1,,,,
4009,AJMAN BANK PJSC,United Arab Emirates,BankAccount,AED,C2C,3.68,36720,2,0.01,"[[""lastname"", ""firstname"", ""date_of_birth"", ""address"", ""country_iso_code"", ""msisdn"", ""id_type"", ""id_number"", ""beneficiary_relationship"", ""source_of_funds""], [""lastname"", ""firstname"", ""address"", ""city"", ""country_iso_code""]]","[[""lastname"", ""firstname"", ""address"", ""country_iso_code"", ""msisdn"", ""id_type"", ""id_number"", ""id_expiration_date""], [""lastname"", ""firstname""]]","[[""iban""]]",1,1,,,,
4010,AL AHLI BANK OF KUWAIT.K.S.C.,United Arab Emirates,BankAccount,AED,C2C,3.68,36720,2,0.01,"[[""lastname"", ""firstname"", ""date_of_birth"", ""address"", ""country_iso_code"", ""msisdn"", ""id_type"", ""id_number"", ""beneficiary_relationship"", ""source_of_funds""], [""lastname"", ""firstname"", ""address"", ""city"", ""country_iso_code""]]","[[""lastname"", ""firstname"", ""address"", ""country_iso_code"", ""msisdn"", ""id_type"", ""id_number"", ""id_expiration_date""], [""lastname"", ""firstname""]]","[[""iban""]]",1,1,,,,
5225,Al Masraf,United Arab Emirates,BankAccount,AED,C2C,3.68,36720,2,0.01,"[[""lastname"", ""firstname"", ""date_of_birth"", ""address"", ""country_iso_code"", ""msisdn"", ""id_type"", ""id_number"", ""beneficiary_relationship"", ""source_of_funds""], [""lastname"", ""firstname"", ""address"", ""city"", ""country_iso_code""]]","[[""lastname"", ""firstname"", ""address"", ""country_iso_code"", ""msisdn"", ""id_type"", ""id_number"", ""id_expiration_date""], [""lastname"", ""firstname""]]","[[""iban""]]",1,1,,,,
4019,ARAB AFRICAN INTERNATIONAL BANK,United Arab Emirates,BankAccount,AED,C2C,3.68,36720,2,0.01,"[[""lastname"", ""firstname"", ""date_of_birth"", ""address"", ""country_iso_code"", ""msisdn"", ""id_type"", ""id_number"", ""beneficiary_relationship"", ""source_of_funds""], [""lastname"", ""firstname"", ""address"", ""city"", ""country_iso_code""]]","[[""lastname"", ""firstname"", ""address"", ""country_iso_code"", ""msisdn"", ""id_type"", ""id_number"", ""id_expiration_date""], [""lastname"", ""firstname""]]","[[""iban""]]",1,1,,,,
4026,BANK OF BARODA,United Arab Emirates,BankAccount,AED,C2C,3.68,36720,2,0.01,"[[""lastname"", ""firstname"", ""date_of_birth"", ""address"", ""country_iso_code"", ""msisdn"", ""id_type"", ""id_number"", ""beneficiary_relationship"", ""source_of_funds""], [""lastname"", ""firstname"", ""address"", ""city"", ""country_iso_code""]]","[[""lastname"", ""firstname"", ""address"", ""country_iso_code"", ""msisdn"", ""id_type"", ""id_number"", ""id_expiration_date""], [""lastname"", ""firstname""]]","[[""iban""]]",1,1,,,,
4027,"BANK OF SHARJAH, THE",United Arab Emirates,BankAccount,AED,C2C,3.68,36720,2,0.01,"[[""lastname"", ""firstname"", ""date_of_birth"", ""address"", ""country_iso_code"", ""msisdn"", ""id_type"", ""id_number"", ""beneficiary_relationship"", ""source_of_funds""], [""lastname"", ""firstname"", ""address"", ""city"", ""country_iso_code""]]","[[""lastname"", ""firstname"", ""address"", ""country_iso_code"", ""msisdn"", ""id_type"", ""id_number"", ""id_expiration_date""], [""lastname"", ""firstname""]]","[[""iban""]]",1,1,,,,
4029,BANQUE MISR,United Arab Emirates,BankAccount,AED,C2C,3.68,36720,2,0.01,"[[""lastname"", ""firstname"", ""date_of_birth"", ""address"", ""country_iso_code"", ""msisdn"", ""id_type"", ""id_number"", ""beneficiary_relationship"", ""source_of_funds""], [""lastname"", ""firstname"", ""address"", ""city"", ""country_iso_code""]]","[[""lastname"", ""firstname"", ""address"", ""country_iso_code"", ""msisdn"", ""id_type"", ""id_number"", ""id_expiration_date""], [""lastname"", ""firstname""]]","[[""iban""]]",1,1,,,,
4030,BARCLAYS BANK PLC,United Arab Emirates,BankAccount,AED,C2C,3.68,36720,2,0.01,"[[""lastname"", ""firstname"", ""date_of_birth"", ""address"", ""country_iso_code"", ""msisdn"", ""id_type"", ""id_number"", ""beneficiary_relationship"", ""source_of_funds""], [""lastname"", ""firstname"", ""address"", ""city"", ""country_iso_code""]]","[[""lastname"", ""firstname"", ""address"", ""country_iso_code"", ""msisdn"", ""id_type"", ""id_number"", ""id_expiration_date""], [""lastname"", ""firstname""]]","[[""iban""]]",1,1,,,,
4036,CITIBANK N.A.,United Arab Emirates,BankAccount,AED,C2C,3.68,36720,2,0.01,"[[""lastname"", ""firstname"", ""date_of_birth"", ""address"", ""country_iso_code"", ""msisdn"", ""id_type"", ""id_number"", ""beneficiary_relationship"", ""source_of_funds""], [""lastname"", ""firstname"", ""address"", ""city"", ""country_iso_code""]]","[[""lastname"", ""firstname"", ""address"", ""country_iso_code"", ""msisdn"", ""id_type"", ""id_number"", ""id_expiration_date""], [""lastname"", ""firstname""]]","[[""iban""]]",1,1,,,,
4038,COMMERCIAL BANK OF DUBAI,United Arab Emirates,BankAccount,AED,C2C,3.68,36720,2,0.01,"[[""lastname"", ""firstname"", ""date_of_birth"", ""address"", ""country_iso_code"", ""msisdn"", ""id_type"", ""id_number"", ""beneficiary_relationship"", ""source_of_funds""], [""lastname"", ""firstname"", ""address"", ""city"", ""country_iso_code""]]","[[""lastname"", ""firstname"", ""address"", ""country_iso_code"", ""msisdn"", ""id_type"", ""id_number"", ""id_expiration_date""], [""lastname"", ""firstname""]]","[[""iban""]]",1,1,,,,
4597,DEUTSCHE BANK AG,United Arab Emirates,BankAccount,AED,C2C,3.68,36720,2,0.01,"[[""lastname"", ""firstname"", ""date_of_birth"", ""address"", ""country_iso_code"", ""msisdn"", ""id_type"", ""id_number"", ""beneficiary_relationship"", ""source_of_funds""], [""lastname"", ""firstname"", ""address"", ""city"", ""country_iso_code""]]","[[""lastname"", ""firstname"", ""address"", ""country_iso_code"", ""msisdn"", ""id_type"", ""id_number"", ""id_expiration_date""], [""lastname"", ""firstname""]]","[[""iban""]]",1,1,,,,
4601,DUBAI ISLAMIC BANK,United Arab Emirates,BankAccount,AED,C2C,3.68,36720,2,0.01,"[[""lastname"", ""firstname"", ""date_of_birth"", ""address"", ""country_iso_code"", ""msisdn"", ""id_type"", ""id_number"", ""beneficiary_relationship"", ""source_of_funds""], [""lastname"", ""firstname"", ""address"", ""city"", ""country_iso_code""]]","[[""lastname"", ""firstname"", ""address"", ""country_iso_code"", ""msisdn"", ""id_type"", ""id_number"", ""id_expiration_date""], [""lastname"", ""firstname""]]","[[""iban""]]",1,1,,,,
4603,EL-NILEIN BANK,United Arab Emirates,BankAccount,AED,C2C,3.68,36720,2,0.01,"[[""lastname"", ""firstname"", ""date_of_birth"", ""address"", ""country_iso_code"", ""msisdn"", ""id_type"", ""id_number"", ""beneficiary_relationship"", ""source_of_funds""], [""lastname"", ""firstname"", ""address"", ""city"", ""country_iso_code""]]","[[""lastname"", ""firstname"", ""address"", ""country_iso_code"", ""msisdn"", ""id_type"", ""id_number"", ""id_expiration_date""], [""lastname"", ""firstname""]]","[[""iban""]]",1,1,,,,
4606,EMIRATES ISLAMIC BANK,United Arab Emirates,BankAccount,AED,C2C,3.68,36720,2,0.01,"[[""lastname"", ""firstname"", ""date_of_birth"", ""address"", ""country_iso_code"", ""msisdn"", ""id_type"", ""id_number"", ""beneficiary_relationship"", ""source_of_funds""], [""lastname"", ""firstname"", ""address"", ""city"", ""country_iso_code""]]","[[""lastname"", ""firstname"", ""address"", ""country_iso_code"", ""msisdn"", ""id_type"", ""id_number"", ""id_expiration_date""], [""lastname"", ""firstname""]]","[[""iban""]]",1,1,,,,
4608,EMIRATES NBD BANK PJSC,United Arab Emirates,BankAccount,AED,C2C,3.68,36720,2,0.01,"[[""lastname"", ""firstname"", ""date_of_birth"", ""address"", ""country_iso_code"", ""msisdn"", ""id_type"", ""id_number"", ""beneficiary_relationship"", ""source_of_funds""], [""lastname"", ""firstname"", ""address"", ""city"", ""country_iso_code""]]","[[""lastname"", ""firstname"", ""address"", ""country_iso_code"", ""msisdn"", ""id_type"", ""id_number"", ""id_expiration_date""], [""lastname"", ""firstname""]]","[[""iban""]]",1,1,,,,
4609,FIRST ABU DHABI BANK PJSC,United Arab Emirates,BankAccount,AED,C2C,3.68,36720,2,0.01,"[[""lastname"", ""firstname"", ""date_of_birth"", ""address"", ""country_iso_code"", ""msisdn"", ""id_type"", ""id_number"", ""beneficiary_relationship"", ""source_of_funds""], [""lastname"", ""firstname"", ""address"", ""city"", ""country_iso_code""]]","[[""lastname"", ""firstname"", ""address"", ""country_iso_code"", ""msisdn"", ""id_type"", ""id_number"", ""id_expiration_date""], [""lastname"", ""firstname""]]","[[""iban""]]",1,1,,,,
4619,INVESTBANK,United Arab Emirates,BankAccount,AED,C2C,3.68,36720,2,0.01,"[[""lastname"", ""firstname"", ""date_of_birth"", ""address"", ""country_iso_code"", ""msisdn"", ""id_type"", ""id_number"", ""beneficiary_relationship"", ""source_of_funds""], [""lastname"", ""firstname"", ""address"", ""city"", ""country_iso_code""]]","[[""lastname"", ""firstname"", ""address"", ""country_iso_code"", ""msisdn"", ""id_type"", ""id_number"", ""id_expiration_date""], [""lastname"", ""firstname""]]","[[""iban""]]",1,1,,,,
4620,JANATA BANK,United Arab Emirates,BankAccount,AED,C2C,3.68,36720,2,0.01,"[[""lastname"", ""firstname"", ""date_of_birth"", ""address"", ""country_iso_code"", ""msisdn"", ""id_type"", ""id_number"", ""beneficiary_relationship"", ""source_of_funds""], [""lastname"", ""firstname"", ""address"", ""city"", ""country_iso_code""]]","[[""lastname"", ""firstname"", ""address"", ""country_iso_code"", ""msisdn"", ""id_type"", ""id_number"", ""id_expiration_date""], [""lastname"", ""firstname""]]","[[""iban""]]",1,1,,,,
4623,MASHREQBANK PSC.,United Arab Emirates,BankAccount,AED,C2C,3.68,36720,2,0.01,"[[""lastname"", ""firstname"", ""date_of_birth"", ""address"", ""country_iso_code"", ""msisdn"", ""id_type"", ""id_number"", ""beneficiary_relationship"", ""source_of_funds""], [""lastname"", ""firstname"", ""address"", ""city"", ""country_iso_code""]]","[[""lastname"", ""firstname"", ""address"", ""country_iso_code"", ""msisdn"", ""id_type"", ""id_number"", ""id_expiration_date""], [""lastname"", ""firstname""]]","[[""iban""]]",1,1,,,,
5226,National Bank Of Bahrain,United Arab Emirates,BankAccount,AED,C2C,3.68,36720,2,0.01,"[[""lastname"", ""firstname"", ""date_of_birth"", ""address"", ""country_iso_code"", ""msisdn"", ""id_type"", ""id_number"", ""beneficiary_relationship"", ""source_of_funds""], [""lastname"", ""firstname"", ""address"", ""city"", ""country_iso_code""]]","[[""lastname"", ""firstname"", ""address"", ""country_iso_code"", ""msisdn"", ""id_type"", ""id_number"", ""id_expiration_date""], [""lastname"", ""firstname""]]","[[""iban""]]",1,1,,,,
4628,NATIONAL BANK OF FUJAIRAH,United Arab Emirates,BankAccount,AED,C2C,3.68,36720,2,0.01,"[[""lastname"", ""firstname"", ""date_of_birth"", ""address"", ""country_iso_code"", ""msisdn"", ""id_type"", ""id_number"", ""beneficiary_relationship"", ""source_of_funds""], [""lastname"", ""firstname"", ""address"", ""city"", ""country_iso_code""]]","[[""lastname"", ""firstname"", ""address"", ""country_iso_code"", ""msisdn"", ""id_type"", ""id_number"", ""id_expiration_date""], [""lastname"", ""firstname""]]","[[""iban""]]",1,1,,,,
4629,NATIONAL BANK OF KUWAIT (S.A.K.).,United Arab Emirates,BankAccount,AED,C2C,3.68,36720,2,0.01,"[[""lastname"", ""firstname"", ""date_of_birth"", ""address"", ""country_iso_code"", ""msisdn"", ""id_type"", ""id_number"", ""beneficiary_relationship"", ""source_of_funds""], [""lastname"", ""firstname"", ""address"", ""city"", ""country_iso_code""]]","[[""lastname"", ""firstname"", ""address"", ""country_iso_code"", ""msisdn"", ""id_type"", ""id_number"", ""id_expiration_date""], [""lastname"", ""firstname""]]","[[""iban""]]",1,1,,,,
4630,NATIONAL BANK OF OMAN,United Arab Emirates,BankAccount,AED,C2C,3.68,36720,2,0.01,"[[""lastname"", ""firstname"", ""date_of_birth"", ""address"", ""country_iso_code"", ""msisdn"", ""id_type"", ""id_number"", ""beneficiary_relationship"", ""source_of_funds""], [""lastname"", ""firstname"", ""address"", ""city"", ""country_iso_code""]]","[[""lastname"", ""firstname"", ""address"", ""country_iso_code"", ""msisdn"", ""id_type"", ""id_number"", ""id_expiration_date""], [""lastname"", ""firstname""]]","[[""iban""]]",1,1,,,,
4632,NATIONAL BANK OF UMM AL QAIWAIN PSC.,United Arab Emirates,BankAccount,AED,C2C,3.68,36720,2,0.01,"[[""lastname"", ""firstname"", ""date_of_birth"", ""address"", ""country_iso_code"", ""msisdn"", ""id_type"", ""id_number"", ""beneficiary_relationship"", ""source_of_funds""], [""lastname"", ""firstname"", ""address"", ""city"", ""country_iso_code""]]","[[""lastname"", ""firstname"", ""address"", ""country_iso_code"", ""msisdn"", ""id_type"", ""id_number"", ""id_expiration_date""], [""lastname"", ""firstname""]]","[[""iban""]]",1,1,,,,
5227,RAK Bank,United Arab Emirates,BankAccount,AED,C2C,3.68,36720,2,0.01,"[[""lastname"", ""firstname"", ""date_of_birth"", ""address"", ""country_iso_code"", ""msisdn"", ""id_type"", ""id_number"", ""beneficiary_relationship"", ""source_of_funds""], [""lastname"", ""firstname"", ""address"", ""city"", ""country_iso_code""]]","[[""lastname"", ""firstname"", ""address"", ""country_iso_code"", ""msisdn"", ""id_type"", ""id_number"", ""id_expiration_date""], [""lastname"", ""firstname""]]","[[""iban""]]",1,1,,,,
4637,SAMBA FINANCIAL GROUP,United Arab Emirates,BankAccount,AED,C2C,3.68,36720,2,0.01,"[[""lastname"", ""firstname"", ""date_of_birth"", ""address"", ""country_iso_code"", ""msisdn"", ""id_type"", ""id_number"", ""beneficiary_relationship"", ""source_of_funds""], [""lastname"", ""firstname"", ""address"", ""city"", ""country_iso_code""]]","[[""lastname"", ""firstname"", ""address"", ""country_iso_code"", ""msisdn"", ""id_type"", ""id_number"", ""id_expiration_date""], [""lastname"", ""firstname""]]","[[""iban""]]",1,1,,,,
4638,SHARJAH ISLAMIC BANK,United Arab Emirates,BankAccount,AED,C2C,3.68,36720,2,0.01,"[[""lastname"", ""firstname"", ""date_of_birth"", ""address"", ""country_iso_code"", ""msisdn"", ""id_type"", ""id_number"", ""beneficiary_relationship"", ""source_of_funds""], [""lastname"", ""firstname"", ""address"", ""city"", ""country_iso_code""]]","[[""lastname"", ""firstname"", ""address"", ""country_iso_code"", ""msisdn"", ""id_type"", ""id_number"", ""id_expiration_date""], [""lastname"", ""firstname""]]","[[""iban""]]",1,1,,,,
4641,STANDARD CHARTERED BANK,United Arab Emirates,BankAccount,AED,C2C,3.68,36720,2,0.01,"[[""lastname"", ""firstname"", ""date_of_birth"", ""address"", ""country_iso_code"", ""msisdn"", ""id_type"", ""id_number"", ""beneficiary_relationship"", ""source_of_funds""], [""lastname"", ""firstname"", ""address"", ""city"", ""country_iso_code""]]","[[""lastname"", ""firstname"", ""address"", ""country_iso_code"", ""msisdn"", ""id_type"", ""id_number"", ""id_expiration_date""], [""lastname"", ""firstname""]]","[[""iban""]]",1,1,,,,
2843,Airtel Money,Zambia,MobileWallet,ZMW,C2C,0,,2,0.01,"[[""lastname"", ""firstname""]]","[[""lastname"", ""firstname""]]","[[""msisdn""]]",1,1,,,,
1771,MTN Mobile Money,Zambia,MobileWallet,ZMW,C2C,0,20000,2,0.01,"[[""lastname""]]","[[""lastname""]]","[[""msisdn""]]",1,1,"[[""msisdn""]]","[[""msisdn""]]",,
79,Ecocash,Zimbabwe,MobileWallet,USD,C2C,2,,2,0.01,,,"[[""msisdn""]]",1,1,"[[""msisdn""]]","[[""msisdn""]]",,